"train/global_step","gpt2-large_aux-without_ln - _step","gpt2-large_aux-without_ln - _step__MIN","gpt2-large_aux-without_ln - _step__MAX","gpt2-large_aux-without_ln - main_loss","gpt2-large_aux-without_ln - main_loss__MIN","gpt2-large_aux-without_ln - main_loss__MAX"
"0","85.83333333333333","78","94","2.7207831343015036","2.598081111907959","2.815648078918457"
"1","183.125","177","190","2.759408175945282","2.6698732376098633","2.843395471572876"
"2","279","272","287","2.7292400002479553","2.65887188911438","2.800441026687622"
"3","381.6","377","385","2.764062690734863","2.7124507427215576","2.8330392837524414"
"4","476.3","470","482","2.6974026918411256","2.611436128616333","2.793170690536499"
"5","571.7777777777778","563","580","2.73974511358473","2.6712727546691895","2.802245616912842"
"6","668.8333333333334","660","677","2.7648852864901223","2.6461877822875977","2.901319742202759"
"7","764.6","757","773","2.7604300022125243","2.667224645614624","2.8920962810516357"
"8","863.4615384615385","855","871","2.7589714160332313","2.6175003051757812","2.8391709327697754"
"9","959.0769230769231","951","967","2.741616340783926","2.63678240776062","2.8639650344848633"
"10","1056.4285714285713","1050","1064","2.752202647072928","2.673863172531128","2.8639817237854004"
"11","1154","1146","1162","2.732826550801595","2.630876064300537","2.7992324829101562"
"12","1249.909090909091","1242","1257","2.7185757593675093","2.4454939365386963","2.845027208328247"
"13","1348.6666666666667","1341","1356","2.7527934180365667","2.644289493560791","2.8115947246551514"
"14","1444.6","1437","1448","2.689775323867798","2.638908863067627","2.741933584213257"
"15","1541.888888888889","1535","1548","2.7402591705322266","2.6228187084198","2.8236284255981445"
"16","1638.625","1630","1644","2.724941313266754","2.6604082584381104","2.868682861328125"
"17","1734.4545454545455","1728","1743","2.6584748138080943","2.55702543258667","2.7878944873809814"
"18","1832.3333333333333","1824","1840","2.728525267706977","2.5870392322540283","2.8233578205108643"
"19","1928.9166666666667","1921","1938","2.765118877092997","2.6950831413269043","2.9576363563537598"
"20","2025.6923076923076","2018","2034","2.769735281284039","2.6083178520202637","2.879641532897949"
"21","2123.3333333333335","2115","2132","2.71241651640998","2.5704333782196045","2.825112819671631"
"22","2220.909090909091","2212","2229","2.7072781216014516","2.529834747314453","2.8471598625183105"
"23","2318.3","2309","2325","2.7040560722351072","2.644632339477539","2.810112476348877"
"24","2412","2406","2420","2.654278486967087","2.5562684535980225","2.787935256958008"
"25","2509.5","2503","2520","2.713282322883606","2.6146936416625977","2.79693865776062"
"26","2607.1","2600","2616","2.687603259086609","2.6376993656158447","2.788846015930176"
"27","2706.6666666666665","2700","2713","2.680407762527466","2.5935676097869873","2.8039917945861816"
"28","2803","2795","2811","2.693364644050598","2.620485782623291","2.7946455478668213"
"29","2900.4","2893","2908","2.7111271142959597","2.6056718826293945","2.78584623336792"
"30","2998.75","2989","3006","2.722946206728617","2.6623473167419434","2.880478858947754"
"31","3093.75","3087","3102","2.644195467233658","2.5396125316619873","2.7576897144317627"
"32","3191.1428571428573","3183","3200","2.6669956956590926","2.616786241531372","2.7431681156158447"
"33","3288","3281","3297","2.6875142786237927","2.531156063079834","2.824495792388916"
"34","3389.3333333333335","3382","3395","2.766084869702657","2.599013566970825","2.908670663833618"
"35","3484","3475","3492","2.7877000245180996","2.715233564376831","2.9278323650360107"
"36","3579.777777777778","3572","3589","2.735046943028768","2.654930830001831","2.8061745166778564"
"37","3678.285714285714","3670","3685","2.7175015722002303","2.6389050483703613","2.8108012676239014"
"38","3775.9","3767","3784","2.7421052932739256","2.493718385696411","2.8881564140319824"
"39","3872.818181818182","3864","3881","2.726940696889704","2.6809213161468506","2.7958240509033203"
"40","3969.75","3962","3978","2.7424282232920327","2.642970561981201","2.9554383754730225"
"41","4066.5","4058","4075","2.763189458847046","2.626033067703247","2.9349067211151123"
"42","4165.090909090909","4156","4172","2.724227038296786","2.6774818897247314","2.8159451484680176"
"43","4262","4254","4270","2.739653209845225","2.6016862392425537","2.8775815963745117"
"44","4358.375","4351","4365","2.704772800207138","2.555513620376587","2.8682525157928467"
"45","4453.666666666667","4447","4463","2.7069567574395075","2.593245267868042","2.7987964153289795"
"46","4554.384615384615","4545","4562","2.741402809436505","2.6348233222961426","2.9010531902313232"
"47","4650.636363636364","4643","4658","2.7242665724320845","2.6188406944274902","2.806732654571533"
"48","4748.666666666667","4743","4755","2.7339431179894342","2.6421360969543457","2.8488845825195312"
"49","4844.666666666667","4837","4851","2.6920384565989175","2.575038433074951","2.797546625137329"
"50","4942.833333333333","4934","4951","2.7121065258979797","2.6281933784484863","2.844456434249878"
"51","5038.538461538462","5032","5048","2.6915278618152323","2.5598742961883545","2.8051648139953613"
"52","5135.615384615385","5128","5143","2.6740229496589074","2.574364423751831","2.826655149459839"
"53","5231.916666666667","5225","5241","2.736230790615082","2.5946743488311768","2.85093092918396"
"54","5331","5323","5340","2.7145650684833527","2.6564271450042725","2.818880796432495"
"55","5428.3","5420","5437","2.657781744003296","2.5298831462860107","2.777031660079956"
"56","5526","5518","5534","2.686628156238132","2.6370041370391846","2.7614922523498535"
"57","5622.2","5614","5631","2.7239933967590333","2.6192495822906494","2.8501181602478027"
"58","5721.75","5715","5726","2.716901123523712","2.6155059337615967","2.825200080871582"
"59","5817.7692307692305","5809","5825","2.7069491423093357","2.6165995597839355","2.827072858810425"
"60","5914.692307692308","5906","5923","2.7141765631162205","2.6144728660583496","2.7801859378814697"
"61","6011.875","6004","6019","2.738674134016037","2.650052070617676","2.912895441055298"
"62","6109.125","6103","6118","2.6700296998023987","2.5910019874572754","2.7560338973999023"
"63","6206.5","6199","6215","3.191636025905609","3.065484046936035","3.305760622024536"
"64","6305.555555555556","6297","6312","3.029127147462633","2.926797389984131","3.16792631149292"
"65","6398.818181818182","6392","6404","2.9446297992359507","2.8764753341674805","3.0440309047698975"
"66","6498.4","6491","6507","2.921688508987427","2.7833733558654785","3.0545456409454346"
"67","6594.916666666667","6587","6604","2.884303092956543","2.7902629375457764","2.991314649581909"
"68","6696.111111111111","6689","6701","2.9188338385687933","2.8251380920410156","3.036560535430908"
"69","6789.846153846154","6781","6798","2.8332204818725586","2.662034273147583","2.9629743099212646"
"70","6888.692307692308","6879","6896","2.8450051637796254","2.704376697540283","2.9241600036621094"
"71","6984.454545454545","6976","6993","2.8444485014135186","2.728198289871216","2.9513351917266846"
"72","7080.857142857143","7073","7090","2.8028637170791626","2.713118076324463","2.9088845252990723"
"73","7178.3","7171","7187","2.8018690824508665","2.6930899620056152","2.9314541816711426"
"74","7277.111111111111","7269","7285","2.7485609584384494","2.6245346069335938","2.8773534297943115"
"75","7372.2","7365","7380","2.8144708633422852","2.7513163089752197","2.856200695037842"
"76","7471.181818181818","7464","7479","2.791138995777477","2.6621787548065186","2.920884132385254"
"77","7566.714285714285","7560","7576","2.769749505179269","2.702638626098633","2.8177239894866943"
"78","7666.181818181818","7657","7674","2.792140158739957","2.7287232875823975","2.880349636077881"
"79","7761.4","7756","7768","2.8099103927612306","2.733009099960327","2.8875906467437744"
"80","7861.181818181818","7854","7868","2.7411376996473833","2.617327928543091","2.8824026584625244"
"81","7954.5","7949","7962","2.793036788702011","2.686807632446289","2.899569034576416"
"82","8055.125","8048","8062","2.7023986279964447","2.574758529663086","2.823094606399536"
"83","8150.545454545455","8145","8157","2.762201937762174","2.631913423538208","2.8444764614105225"
"84","8247.375","8240","8257","2.742539405822754","2.6680126190185547","2.8261075019836426"
"85","8345.333333333334","8338","8354","2.763309061527252","2.6296896934509277","2.8757245540618896"
"86","8442.625","8436","8448","2.7718250453472137","2.6301052570343018","2.860004425048828"
"87","8541.7","8535","8549","2.765162777900696","2.6380295753479004","2.8701188564300537"
"88","8636.6","8630","8642","2.734403872489929","2.6091220378875732","2.829273223876953"
"89","8733.888888888889","8727","8739","2.7382809850904675","2.6706724166870117","2.849529504776001"
"90","8831.222222222223","8827","8837","2.7554487917158337","2.653006076812744","2.8491597175598145"
"91","8930.181818181818","8921","8938","2.766220201145519","2.636808156967163","2.890845537185669"
"92","9026.222222222223","9019","9035","2.768227974573771","2.7199854850769043","2.893494129180908"
"93","9124.181818181818","9115","9132","2.7406111630526455","2.651271343231201","2.8452041149139404"
"94","9220.375","9214","9230","2.779318779706955","2.686795234680176","2.8921287059783936"
"95","9318.333333333334","9310","9327","2.7166743543412952","2.6494057178497314","2.883826494216919"
"96","9414.222222222223","9407","9424","2.755332416958279","2.656437635421753","2.8359792232513428"
"97","9510.5","9505","9521","2.751109093427658","2.6525392532348633","2.841050624847412"
"98","9612.5","9605","9619","2.761810859044393","2.684861898422241","2.8291842937469482"
"99","9707.083333333334","9699","9716","2.756825049718221","2.5136449337005615","2.860037088394165"
"100","9862.058823529413","9718","10064","2.656540787395309","1.6094697713851929","6.323753356933594"
"101","10152.666666666666","10144","10161","2.7603968580563865","2.6935107707977295","2.856736421585083"
"102","10249.833333333334","10243","10257","2.7509292165438333","2.681727647781372","2.8303258419036865"
"103","10348.076923076924","10341","10356","2.735422574556791","2.64102840423584","2.834704875946045"
"104","10445.083333333334","10436","10453","2.737756311893463","2.621217727661133","2.889908790588379"
"105","10542.7","10533","10550","2.7203719139099123","2.6189465522766113","2.775954008102417"
"106","10638.727272727272","10631","10646","2.71563365242698","2.626969575881958","2.788235902786255"
"107","10736.25","10728","10744","2.7389106353123984","2.591916799545288","2.8376002311706543"
"108","10834.25","10826","10842","2.731838643550873","2.629642963409424","2.848797559738159"
"109","10931.461538461539","10924","10939","2.747819552054772","2.548391819000244","2.846250057220459"
"110","11028.75","11021","11037","2.7178330024083457","2.5846424102783203","2.8193814754486084"
"111","11124.25","11117","11132","2.74666690826416","2.644162178039551","2.838271141052246"
"112","11222.1","11214","11230","2.7814786434173584","2.6797890663146973","2.8981173038482666"
"113","11318.92857142857","11311","11326","2.719174657549177","2.6044342517852783","2.8986990451812744"
"114","11416.111111111111","11410","11425","2.7182123925950794","2.592728614807129","2.8304903507232666"
"115","11513.666666666666","11506","11521","2.7425634463628135","2.6732044219970703","2.7987635135650635"
"116","11611.833333333334","11603","11620","2.7246815164883933","2.6875953674316406","2.828972816467285"
"117","11708.454545454546","11700","11717","2.725685813210227","2.597961664199829","2.880980968475342"
"118","11806.42857142857","11800","11814","2.674617733274187","2.5732243061065674","2.769057512283325"
"119","11904.8","11897","11912","2.7235647201538087","2.6125290393829346","2.8606741428375244"
"120","12001.5","11993","12009","2.735421280066172","2.640778064727783","2.830524444580078"
"121","12096.142857142857","12090","12106","2.7303974628448486","2.6708104610443115","2.800788640975952"
"122","12195.166666666666","12187","12203","2.6901935736338296","2.6180171966552734","2.787308692932129"
"123","12293","12284","12301","2.712947266442435","2.574713706970215","2.8537557125091553"
"124","12389.166666666666","12381","12398","2.6897000273068747","2.6071903705596924","2.790144681930542"
"125","12488.375","12480","12495","2.6892862021923065","2.589493751525879","2.7762539386749268"
"126","12583.272727272728","12576","12593","2.7359787334095347","2.612009286880493","2.815728187561035"
"127","12680.2","12673","12689","2.747520637512207","2.5857415199279785","2.7914299964904785"
"128","12778.142857142857","12771","12787","2.7319114208221436","2.609309434890747","2.874063730239868"
"129","12873.461538461539","12867","12880","2.7271260481614332","2.5608935356140137","2.8546030521392822"
"130","12974","12966","12982","2.696841998533769","2.584277629852295","2.764090061187744"
"131","13069.875","13062","13076","2.6866094172000885","2.571457862854004","2.8678030967712402"
"132","13169.444444444445","13162","13176","2.7196560965643988","2.6028592586517334","2.813873767852783"
"133","13265.181818181818","13257","13272","2.7008829333565454","2.5337071418762207","2.848893642425537"
"134","13363","13354","13371","2.6864080693986683","2.543303966522217","2.7575416564941406"
"135","13460.5","13452","13468","2.70788045724233","2.61217999458313","2.8126447200775146"
"136","13556.272727272728","13548","13563","2.714389844374223","2.641488552093506","2.8623898029327393"
"137","13652.57142857143","13646","13660","2.687084334237235","2.630359649658203","2.755566358566284"
"138","13753.555555555555","13743","13760","2.682934602101644","2.595383405685425","2.8372559547424316"
"139","13846.777777777777","13840","13853","2.6884277396731906","2.611405611038208","2.7455618381500244"
"140","13945.75","13937","13954","2.7168651819229126","2.5615222454071045","2.80051851272583"
"141","14043.714285714286","14034","14051","2.720853124346052","2.6280486583709717","2.7850773334503174"
"142","14140.5","14134","14149","2.7517234802246096","2.621385335922241","2.8494205474853516"
"143","14235.888888888889","14230","14241","2.7342815664079456","2.513964891433716","2.800240993499756"
"144","14334","14328","14341","2.7101871490478517","2.5731565952301025","2.8666508197784424"
"145","14429.375","14424","14439","2.7101135551929474","2.61161470413208","2.7770450115203857"
"146","14528.555555555555","14521","14538","2.7067313724093967","2.591543197631836","2.7930665016174316"
"147","14626.642857142857","14618","14634","2.740808401788984","2.6529457569122314","2.9089574813842773"
"148","14722.222222222223","14715","14732","2.7033317353990345","2.5105504989624023","2.844064235687256"
"149","14820.666666666666","14815","14828","2.7240864170922174","2.6105551719665527","2.7926387786865234"
"150","14918.5","14911","14927","2.7110564510027566","2.6352670192718506","2.777904510498047"
"151","15014.90909090909","15007","15024","2.724842158230868","2.648460626602173","2.8220560550689697"
"152","15111.666666666666","15104","15121","2.731254975001017","2.6455256938934326","2.8127875328063965"
"153","15210.181818181818","15202","15218","2.6851711056449195","2.5789875984191895","2.804171562194824"
"154","15306.90909090909","15300","15316","2.705151991410689","2.6407816410064697","2.7879371643066406"
"155","15403.727272727272","15396","15411","2.7369586771184746","2.626943349838257","2.8786849975585938"
"156","15500.25","15493","15509","2.734479467074076","2.6148927211761475","2.7817070484161377"
"157","15596.727272727272","15590","15603","2.7533716505224053","2.6947078704833984","2.8851747512817383"
"158","15698.2","15689","15705","2.7093261241912843","2.5198614597320557","2.7886738777160645"
"159","15796","15788","15802","2.743060244454278","2.593729019165039","2.8377127647399902"
"160","15890.75","15882","15899","2.704839825630188","2.6213696002960205","2.778902530670166"
"161","15986.363636363636","15979","15996","2.706203742460771","2.6168673038482666","2.8682384490966797"
"162","16086.8","16077","16094","2.705349087715149","2.6387131214141846","2.8167166709899902"
"163","16183.333333333334","16174","16191","2.703016016218397","2.576641321182251","2.8362503051757812"
"164","16280.545454545454","16271","16288","2.716029492291537","2.564950942993164","2.8263676166534424"
"165","16377.444444444445","16369","16385","2.705509556664361","2.674668788909912","2.7709975242614746"
"166","16474.11111111111","16467","16483","2.748026874330309","2.6583282947540283","2.834268093109131"
"167","16571.444444444445","16565","16579","2.6831992467244468","2.55202579498291","2.827299118041992"
"168","16670.125","16662","16677","2.731962114572525","2.6198718547821045","2.8040359020233154"
"169","16764.454545454544","16757","16774","2.750057177110152","2.6125905513763428","2.8523616790771484"
"170","16864.6","16858","16871","2.710567808151245","2.590777635574341","2.8258626461029053"
"171","16959.69230769231","16952","16968","2.717300525078407","2.4980356693267822","2.8274545669555664"
"172","17057.875","17050","17066","2.7186458706855774","2.581437349319458","2.8274970054626465"
"173","17154.64285714286","17146","17163","2.6735908303942","2.555659532546997","2.783799886703491"
"174","17249.5","17244","17256","2.6897076765696206","2.604755401611328","2.7275846004486084"
"175","17348.5","17341","17356","2.728957772254944","2.6543233394622803","2.8359668254852295"
"176","17448.428571428572","17442","17454","2.7318195956093922","2.511270523071289","2.8750526905059814"
"177","17541.9","17535","17552","2.7501610040664675","2.6362485885620117","2.9839470386505127"
"178","17640.363636363636","17633","17650","2.714538964358243","2.6267168521881104","2.7845876216888428"
"179","17738.75","17731","17746","2.672831892967224","2.599524736404419","2.7819576263427734"
"180","17837.833333333332","17827","17844","2.7313601771990457","2.6582319736480713","2.804596424102783"
"181","17931.81818181818","17925","17941","2.7452393878589976","2.6188786029815674","2.830714464187622"
"182","18029.333333333332","18023","18039","2.732514805263943","2.629194498062134","2.8409500122070312"
"183","18128.272727272728","18122","18136","2.7175574085929175","2.483417272567749","2.87898588180542"
"184","18225.2","18217","18232","2.7578011751174927","2.6862447261810303","2.8852436542510986"
"185","18321.416666666668","18313","18330","2.7589284578959146","2.6490590572357178","2.868112802505493"
"186","18420.85714285714","18411","18428","2.720481804439","2.6300649642944336","2.824981689453125"
"187","18515","18508","18523","2.733343482017517","2.5643789768218994","2.9080512523651123"
"188","18615.727272727272","18608","18622","2.7491161823272705","2.6598308086395264","2.844027519226074"
"189","18711.222222222223","18703","18718","2.730896419949002","2.6331892013549805","2.805797576904297"
"190","18807.9","18800","18817","2.7148783922195436","2.5772488117218018","2.8038229942321777"
"191","18906.083333333332","18897","18914","2.7223140398661294","2.5428504943847656","2.847362518310547"
"192","19004.25","18998","19011","2.717869222164154","2.621563196182251","2.843857765197754"
"193","19100","19091","19107","2.721483508745829","2.631955146789551","2.8135766983032227"
"194","19198.875","19192","19205","2.6908868551254272","2.538954019546509","2.8118200302124023"
"195","19294.777777777777","19287","19303","2.7404825687408447","2.621385097503662","2.8605666160583496"
"196","19392.88888888889","19383","19400","2.7229904068840876","2.6493775844573975","2.8245151042938232"
"197","19489.11111111111","19482","19497","2.713672320048014","2.54026460647583","2.7853283882141113"
"198","19587.090909090908","19578","19594","2.7366257797588003","2.6443631649017334","2.8298041820526123"
"199","19683.5","19675","19692","2.7469667196273804","2.6333727836608887","2.8413846492767334"
"200","19834.666666666668","19694","20038","2.912463523092724","1.5732989311218262","7.159738540649414"
"201","20130.2","20123","20137","2.739222526550293","2.6592068672180176","2.7733418941497803"
"202","20226.272727272728","20218","20234","2.707193613052368","2.581286907196045","2.8061766624450684"
"203","20322","20315","20332","2.7295453018612332","2.602696180343628","2.8109960556030273"
"204","20419.571428571428","20413","20429","2.734287364142282","2.6875081062316895","2.8137078285217285"
"205","20517.25","20512","20523","2.78779336810112","2.731205701828003","2.89534854888916"
"206","20615.727272727272","20608","20624","2.727219646627253","2.6597702503204346","2.7866928577423096"
"207","20712.75","20707","20721","2.7364300787448883","2.6632161140441895","2.7889528274536133"
"208","20809.7","20802","20817","2.751730036735535","2.5829379558563232","2.912519693374634"
"209","20906.25","20898","20915","2.735955516497294","2.5469419956207275","2.9267210960388184"
"210","21004.5","20997","21013","2.7259854316711425","2.577848434448242","2.818174362182617"
"211","21101.8","21093","21109","2.7100027561187745","2.6073415279388428","2.81978702545166"
"212","21195.14285714286","21190","21200","2.7492870603288924","2.6284255981445312","2.9115374088287354"
"213","21295.333333333332","21287","21304","2.746372355355157","2.626683235168457","2.8085849285125732"
"214","21393.333333333332","21385","21402","2.705143451690674","2.6671149730682373","2.7799859046936035"
"215","21489.555555555555","21482","21499","2.7014464007483587","2.5416109561920166","2.837750196456909"
"216","21587.222222222223","21579","21594","2.681190941068861","2.5378012657165527","2.768965005874634"
"217","21686.333333333332","21678","21693","2.740558942159017","2.5026512145996094","2.864269256591797"
"218","21783.666666666668","21775","21791","2.6844869719611273","2.5724573135375977","2.810797691345215"
"219","21880.1","21872","21888","2.6937259674072265","2.5828065872192383","2.811872959136963"
"220","21974.8","21968","21985","2.701430344581604","2.6387810707092285","2.7961771488189697"
"221","22073.153846153848","22065","22082","2.754882757480328","2.648275136947632","2.920525312423706"
"222","22170.9","22163","22179","2.726897096633911","2.640202760696411","2.8308756351470947"
"223","22268.3","22261","22277","2.762645149230957","2.6385109424591064","2.8817689418792725"
"224","22365.416666666668","22358","22374","2.732640326023102","2.5374743938446045","2.8490262031555176"
"225","22461.666666666668","22457","22470","2.729141036669413","2.549398422241211","2.8606579303741455"
"226","22560.11111111111","22552","22569","2.724736054738363","2.6024508476257324","2.8238723278045654"
"227","22660.666666666668","22654","22666","2.6798694133758545","2.5845556259155273","2.7733030319213867"
"228","22754.777777777777","22746","22762","2.7326374583774142","2.634188652038574","2.8353731632232666"
"229","22852.8","22845","22860","2.7122314453125","2.6757514476776123","2.806053876876831"
"230","22949.166666666668","22941","22958","2.734375794728597","2.5742976665496826","2.869028091430664"
"231","23044.9","23039","23053","2.713037371635437","2.576930046081543","2.8230037689208984"
"232","23144","23135","23152","2.740250067277388","2.6391167640686035","2.892224073410034"
"233","23240.625","23232","23248","2.727751314640045","2.6032862663269043","2.806711196899414"
"234","23338","23331","23346","2.674877166748047","2.6061041355133057","2.738569974899292"
"235","23435.88888888889","23428","23443","2.7345755100250244","2.628410577774048","2.841343402862549"
"236","23532.18181818182","23524","23540","2.697410886937922","2.61895489692688","2.7850685119628906"
"237","23629.8","23622","23637","2.7253162145614622","2.6159415245056152","2.856785535812378"
"238","23727.416666666668","23720","23734","2.7195046146710715","2.5349414348602295","2.8658952713012695"
"239","23826.444444444445","23822","23833","2.7670125696394177","2.5664820671081543","2.8598556518554688"
"240","23922.25","23914","23929","2.7369284927845","2.6726531982421875","2.8065242767333984"
"241","24020.083333333332","24011","24027","2.707149008909861","2.614647626876831","2.804933547973633"
"242","24115.454545454544","24109","24122","2.742845058441162","2.672224760055542","2.833643913269043"
"243","24211.625","24206","24220","2.6982323825359344","2.5894887447357178","2.7821500301361084"
"244","24311.7","24303","24319","2.6664160966873167","2.549621343612671","2.790846586227417"
"245","24407.875","24399","24416","2.7215763330459595","2.607839822769165","2.8164095878601074"
"246","24507.666666666668","24498","24514","2.7580164273579917","2.70186448097229","2.837630033493042"
"247","24602.6","24596","24611","2.734742045402527","2.624100685119629","2.8732659816741943"
"248","24698.2","24692","24706","2.7456738471984865","2.6856210231781006","2.8198068141937256"
"249","24794.875","24789","24805","2.6837300658226013","2.6214070320129395","2.8325421810150146"
"250","24894.25","24887","24903","2.7375431954860687","2.6212806701660156","2.8866589069366455"
"251","24990.285714285714","24983","24999","2.6801659039088657","2.512753486633301","2.8167755603790283"
"252","25087.846153846152","25081","25096","2.715689640778762","2.5828936100006104","2.831735610961914"
"253","25185.1","25178","25194","2.7172309160232544","2.6438913345336914","2.8000385761260986"
"254","25282.444444444445","25275","25291","2.7409282525380454","2.6541826725006104","2.944434881210327"
"255","25380.11111111111","25372","25387","2.7300234370761447","2.6091787815093994","2.779435873031616"
"256","25475.090909090908","25469","25486","2.7018285881389272","2.6198384761810303","2.7725279331207275"
"257","25575.88888888889","25570","25583","2.6878720124562583","2.5718376636505127","2.8494231700897217"
"258","25674","25668","25680","2.660048007965088","2.544527292251587","2.750446081161499"
"259","25769.428571428572","25761","25778","2.717227578163147","2.628690481185913","2.794478416442871"
"260","25864.555555555555","25858","25875","2.6841473314497204","2.559143304824829","2.830268383026123"
"261","25963.4","25955","25971","2.7266886234283447","2.586300849914551","2.8373219966888428"
"262","26062.416666666668","26054","26069","2.7419233322143555","2.6257550716400146","2.912815570831299"
"263","26157.636363636364","26150","26165","2.7028061043132436","2.539785385131836","2.8511643409729004"
"264","26258.25","26254","26262","2.700069010257721","2.6267616748809814","2.7782766819000244"
"265","26354.11111111111","26344","26361","2.7042554484473333","2.5966649055480957","2.800374746322632"
"266","26450.8","26442","26457","2.7164833784103393","2.6552627086639404","2.8489034175872803"
"267","26546.3","26539","26556","2.701667594909668","2.5865933895111084","2.791959762573242"
"268","26642.833333333332","26637","26648","2.7716564337412515","2.706778049468994","2.839425563812256"
"269","26742.153846153848","26733","26750","2.720808799450214","2.593574285507202","2.893853187561035"
"270","26839.6","26831","26848","2.701011228561401","2.625985622406006","2.7572553157806396"
"271","26935.2","26930","26941","2.6938100337982176","2.6284806728363037","2.845319986343384"
"272","27032.090909090908","27025","27039","2.740109226920388","2.5947351455688477","2.8479769229888916"
"273","27129.375","27122","27137","2.706410378217697","2.604928970336914","2.769639730453491"
"274","27225.428571428572","27220","27234","2.7299117020198276","2.6497464179992676","2.788649559020996"
"275","27325.166666666668","27318","27334","2.6921186049779258","2.566765069961548","2.7675869464874268"
"276","27420.444444444445","27414","27428","2.7136191527048745","2.632800817489624","2.8322653770446777"
"277","27518.7","27511","27528","2.6606926202774046","2.495769500732422","2.796600818634033"
"278","27616.909090909092","27609","27625","2.7316564213145864","2.5632951259613037","2.8293063640594482"
"279","27715.125","27706","27723","2.6702094972133636","2.5397162437438965","2.7772114276885986"
"280","27812.333333333332","27804","27820","2.730138646231757","2.5855255126953125","2.8170175552368164"
"281","27908.666666666668","27902","27917","2.717905839284261","2.6329123973846436","2.811429023742676"
"282","28005.333333333332","27998","28013","2.7246517141660056","2.580195665359497","2.8733882904052734"
"283","28103.8","28095","28112","2.687463402748108","2.6237995624542236","2.798828601837158"
"284","28200.5","28192","28209","2.6739749567849294","2.598068952560425","2.784379243850708"
"285","28296.5","28289","28306","2.6966530481974282","2.6173818111419678","2.763737916946411"
"286","28393.9","28388","28403","2.746485376358032","2.6693527698516846","2.918214797973633"
"287","28492.833333333332","28484","28500","2.7001590728759766","2.5928821563720703","2.7860922813415527"
"288","28586.25","28581","28593","2.711659163236618","2.6064133644104004","2.9267539978027344"
"289","28686.125","28678","28695","2.6956966817379","2.581765651702881","2.7867484092712402"
"290","28786","28777","28793","2.7325635978153775","2.648477792739868","2.866483211517334"
"291","28880.7","28873","28888","2.6827066421508787","2.5441272258758545","2.7697267532348633"
"292","28979.9","28970","28987","2.7363821506500243","2.645890712738037","2.825104236602783"
"293","29075","29067","29083","2.6950637234581842","2.623448610305786","2.735379457473755"
"294","29172.916666666668","29165","29182","2.720987021923065","2.576566696166992","2.8303637504577637"
"295","29271","29262","29279","2.68778395652771","2.497870445251465","2.858320713043213"
"296","29367.571428571428","29359","29375","2.728201355252947","2.595961570739746","2.8265633583068848"
"297","29465.75","29458","29473","2.713531494140625","2.5765061378479004","2.8299057483673096"
"298","29561.625","29554","29568","2.7111962735652924","2.5237274169921875","2.8491291999816895"
"299","29660.4","29651","29668","2.727394700050354","2.578305959701538","2.910208225250244"
"300","29819.39285714286","29670","30015","2.743425020149776","1.5740262269973755","5.689160346984863"
"301","30105.333333333332","30096","30113","2.714129262500339","2.5978477001190186","2.8168938159942627"
"302","30203.555555555555","30197","30211","2.7210498915778265","2.574709892272949","2.8497979640960693"
"303","30298.666666666668","30291","30308","2.708011653688219","2.590980291366577","2.920851469039917"
"304","30393.875","30389","30398","2.7346947491168976","2.615643262863159","2.8431971073150635"
"305","30495.375","30485","30501","2.694999575614929","2.6495959758758545","2.7626147270202637"
"306","30595","30592","30600","2.7331400712331138","2.6618521213531494","2.837056875228882"
"307","30688.083333333332","30680","30697","2.6775922576586404","2.612593412399292","2.762939453125"
"308","30787","30782","30793","2.6927183866500854","2.5959510803222656","2.7786827087402344"
"309","30881","30875","30891","2.722705682118734","2.6282033920288086","2.8263683319091797"
"310","30979.2","30972","30986","2.692824649810791","2.6003129482269287","2.788666009902954"
"311","31077.833333333332","31069","31086","2.7257503271102905","2.658766746520996","2.8199288845062256"
"312","31173.571428571428","31166","31183","2.755703483309065","2.684802532196045","2.8607165813446045"
"313","31270.6","31263","31278","2.6763234376907348","2.5600244998931885","2.8342838287353516"
"314","31367.777777777777","31361","31374","2.730577097998725","2.6288115978240967","2.82777738571167"
"315","31462.75","31458","31468","2.6497966647148132","2.591080665588379","2.705472230911255"
"316","31564.5","31557","31571","2.693662941455841","2.579028844833374","2.846444606781006"
"317","31660.11111111111","31652","31669","2.7175878948635526","2.6236166954040527","2.8223323822021484"
"318","31755.625","31750","31763","2.786224663257599","2.674838066101074","2.8781449794769287"
"319","31855.727272727272","31849","31863","2.749187469482422","2.6065289974212646","2.8577327728271484"
"320","31951.083333333332","31944","31960","2.7222798069318137","2.5420587062835693","2.8536739349365234"
"321","32050","32041","32058","2.7064287066459656","2.5997495651245117","2.80438494682312"
"322","32147.272727272728","32138","32155","2.6925119053233755","2.5813510417938232","2.8434066772460938"
"323","32242.545454545456","32236","32250","2.6915634111924605","2.626516103744507","2.8003339767456055"
"324","32342.375","32333","32350","2.7321124970912933","2.638227701187134","2.8210911750793457"
"325","32438.7","32432","32446","2.7034191846847535","2.526182174682617","2.8057308197021484"
"326","32532.9","32527","32540","2.672610282897949","2.4462571144104004","2.8377158641815186"
"327","32633.875","32624","32641","2.7480804920196533","2.603224754333496","2.835505247116089"
"328","32728.333333333332","32721","32736","2.7306136820051403","2.636378049850464","2.851224899291992"
"329","32825.5","32818","32835","2.7358713388442992","2.6376590728759766","2.8971903324127197"
"330","32922.3","32916","32933","2.6987672805786134","2.479862689971924","2.802997350692749"
"331","33024.2","33017","33030","2.657391834259033","2.6090753078460693","2.7106075286865234"
"332","33117.916666666664","33110","33124","2.663445830345154","2.5677897930145264","2.7544915676116943"
"333","33214.88888888889","33208","33224","2.719372828801473","2.6114213466644287","2.850961208343506"
"334","33312.27272727273","33304","33321","2.7096574739976362","2.576702833175659","2.8615520000457764"
"335","33408.555555555555","33402","33418","2.7404016388787165","2.6995739936828613","2.816389560699463"
"336","33509","33500","33516","2.7459731101989746","2.6338067054748535","2.823967695236206"
"337","33604.916666666664","33597","33613","2.7208109498023987","2.6419520378112793","2.830371618270874"
"338","33700.75","33693","33708","2.7627674341201782","2.699810028076172","2.8028807640075684"
"339","33797.2","33790","33804","2.696355605125427","2.520362377166748","2.809168577194214"
"340","33895","33887","33904","2.692538619041443","2.5309665203094482","2.8572351932525635"
"341","33988.5","33984","33996","2.6818952560424805","2.552056312561035","2.785905361175537"
"342","34091.9","34083","34098","2.7389208555221556","2.609278917312622","2.8462443351745605"
"343","34187.307692307695","34179","34196","2.701280190394475","2.5651028156280518","2.9121296405792236"
"344","34284.454545454544","34276","34293","2.741544571789828","2.5764214992523193","2.9644298553466797"
"345","34382","34374","34389","2.6767903864383698","2.584794521331787","2.7211408615112305"
"346","34480.4","34470","34487","2.713559651374817","2.6614291667938232","2.7423415184020996"
"347","34576.42857142857","34567","34584","2.726163796016148","2.641061305999756","2.852156639099121"
"348","34670.25","34665","34676","2.711641490459442","2.5037524700164795","2.895955801010132"
"349","34769.75","34763","34777","2.7026272416114807","2.6024112701416016","2.775787830352783"
"350","34869","34862","34876","2.6744155287742615","2.6033871173858643","2.747479200363159"
"351","34964.57142857143","34958","34970","2.740814277103969","2.6605234146118164","2.8608505725860596"
"352","35061.166666666664","35054","35069","2.6993921597798667","2.636611223220825","2.7916088104248047"
"353","35158.28571428572","35151","35166","2.701336758477347","2.5798678398132324","2.846339225769043"
"354","35256.8","35250","35264","2.684954881668091","2.570202112197876","2.761540174484253"
"355","35352.375","35346","35358","2.712470978498459","2.5494353771209717","2.8165555000305176"
"356","35450.8","35442","35459","2.6865944623947144","2.545360803604126","2.80539608001709"
"357","35547.333333333336","35540","35554","2.721788141462538","2.60650634765625","2.7959110736846924"
"358","35644.166666666664","35636","35653","2.6910059452056885","2.5374081134796143","2.832144260406494"
"359","35740.2","35735","35749","2.7125803232192993","2.592275381088257","2.809094190597534"
"360","35840.6","35832","35848","2.6900296449661254","2.583545446395874","2.805532455444336"
"361","35936.36363636364","35928","35945","2.723203507336703","2.6441917419433594","2.7945523262023926"
"362","36033.71428571428","36025","36041","2.724319747516087","2.5096161365509033","2.8947529792785645"
"363","36129.333333333336","36123","36138","2.732556184132894","2.6405720710754395","2.7770540714263916"
"364","36228.555555555555","36220","36236","2.7018970913357205","2.6400396823883057","2.771230459213257"
"365","36322.77777777778","36316","36330","2.6916816499498157","2.55936336517334","2.8165996074676514"
"366","36422.166666666664","36414","36431","2.700193226337433","2.544645309448242","2.8698842525482178"
"367","36519.375","36511","36526","2.703293114900589","2.6233468055725098","2.7948243618011475"
"368","36617.8","36613","36623","2.7254189968109133","2.6779792308807373","2.7689733505249023"
"369","36713.72727272727","36706","36722","2.714272217317061","2.5665159225463867","2.800694704055786"
"370","36810.666666666664","36803","36819","2.71735856268141","2.486372947692871","2.8505611419677734"
"371","36906.9","36899","36914","2.720195460319519","2.650031805038452","2.7780392169952393"
"372","37006.833333333336","37000","37014","2.7273523807525635","2.636702537536621","2.908582925796509"
"373","37100.8","37095","37110","2.7134161949157716","2.6033778190612793","2.8229892253875732"
"374","37199.8","37194","37205","2.652407503128052","2.5936708450317383","2.6967296600341797"
"375","37296.416666666664","37289","37304","2.714565396308899","2.5831539630889893","2.8674349784851074"
"376","37393.11111111111","37385","37402","2.7021344237857394","2.6014533042907715","2.846433639526367"
"377","37491.181818181816","37482","37498","2.6938559358770195","2.6241326332092285","2.7985966205596924"
"378","37589","37583","37596","2.7043446434868708","2.6055259704589844","2.793318271636963"
"379","37684.333333333336","37677","37690","2.6929176913367376","2.600146532058716","2.791853189468384"
"380","37783.3","37774","37791","2.697997736930847","2.6034746170043945","2.801769733428955"
"381","37879.3","37873","37887","2.7218087911605835","2.644185781478882","2.843517780303955"
"382","37976.875","37968","37983","2.7392580807209015","2.650668144226074","2.8200151920318604"
"383","38073.7","38066","38082","2.6544309854507446","2.538625478744507","2.8101999759674072"
"384","38172.22222222222","38164","38179","2.7222183545430503","2.6634585857391357","2.783843517303467"
"385","38268.7","38260","38277","2.7024316787719727","2.6148688793182373","2.7815942764282227"
"386","38364.818181818184","38357","38374","2.67513463713906","2.5559303760528564","2.8046979904174805"
"387","38462.333333333336","38454","38471","2.722845368915134","2.6197636127471924","2.8171863555908203"
"388","38558.333333333336","38551","38568","2.6880627473195395","2.541088819503784","2.839057207107544"
"389","38656.71428571428","38651","38662","2.7395282132284984","2.705509662628174","2.774609327316284"
"390","38754.625","38750","38760","2.7309018969535828","2.547095775604248","2.874464750289917"
"391","38852.5","38844","38857","2.705982208251953","2.5772416591644287","2.8531556129455566"
"392","38950.125","38940","38957","2.685680389404297","2.6308226585388184","2.746690273284912"
"393","39046.07692307692","39038","39053","2.713938731413621","2.6149039268493652","2.8277688026428223"
"394","39143.25","39137","39150","2.6979840993881226","2.5105316638946533","2.7922492027282715"
"395","39238.5","39231","39248","2.693775939941406","2.5792109966278076","2.800184965133667"
"396","39337.72727272727","39330","39345","2.7327669967304575","2.5945653915405273","2.894200325012207"
"397","39435.71428571428","39428","39441","2.7343742166246687","2.6514391899108887","2.8022544384002686"
"398","39532.75","39530","39537","2.768934190273285","2.701413631439209","2.7966551780700684"
"399","39627.71428571428","39620","39636","2.677537066595895","2.644547939300537","2.7324085235595703"
"400","39783.79605263158","39641","39984","3.3704710759614644","1.640695333480835","6.594407558441162"
"401","40074.75","40067","40082","2.708317756652832","2.6303510665893555","2.7643771171569824"
"402","40171","40164","40179","2.746789296468099","2.6795215606689453","2.789828062057495"
"403","40267","40260","40275","2.733363015311105","2.6267318725585938","2.821197271347046"
"404","40366.666666666664","40357","40374","2.7172921101252236","2.59696364402771","2.7713541984558105"
"405","40460.77777777778","40455","40469","2.711986223856608","2.6382505893707275","2.839879274368286"
"406","40558.769230769234","40551","40568","2.728270750779372","2.613312244415283","2.8597192764282227"
"407","40651.4","40648","40657","2.669348669052124","2.5829546451568604","2.72200608253479"
"408","40755.375","40747","40763","2.7257387936115265","2.617243528366089","2.8214070796966553"
"409","40851.78571428572","40843","40860","2.7362630537578037","2.62766695022583","2.8816912174224854"
"410","40949.28571428572","40942","40957","2.756410939352853","2.647615432739258","2.8308911323547363"
"411","41046.9","41037","41054","2.6981262445449827","2.5711464881896973","2.7635793685913086"
"412","41142.75","41134","41149","2.6979744732379913","2.621058702468872","2.7890164852142334"
"413","41239.857142857145","41232","41248","2.7099925449916293","2.5413687229156494","2.817253828048706"
"414","41337.5","41329","41345","2.7022364338239035","2.5544638633728027","2.7950363159179688"
"415","41434.27272727273","41426","41443","2.721043023196134","2.6156184673309326","2.7762773036956787"
"416","41531.416666666664","41523","41540","2.7191709677378335","2.6568164825439453","2.861509084701538"
"417","41628.25","41620","41637","2.6801471511522927","2.595346212387085","2.805452346801758"
"418","41725.818181818184","41717","41733","2.715000781145963","2.558396339416504","2.837404251098633"
"419","41820.11111111111","41814","41830","2.715174754460653","2.593174457550049","2.8165218830108643"
"420","41921.4","41913","41928","2.710789132118225","2.626948833465576","2.822816848754883"
"421","42016.545454545456","42009","42024","2.7092741402712734","2.604349374771118","2.8094124794006348"
"422","42115.181818181816","42106","42123","2.7235984802246094","2.545748710632324","2.8095929622650146"
"423","42212","42203","42220","2.6969171251569475","2.665898561477661","2.767866373062134"
"424","42308.90909090909","42301","42316","2.705641443079168","2.562331199645996","2.8298797607421875"
"425","42405.666666666664","42399","42411","2.7185482449001737","2.640111207962036","2.7891526222229004"
"426","42503.6","42497","42512","2.778336834907532","2.651167392730713","2.8706884384155273"
"427","42602.555555555555","42593","42609","2.6857898235321045","2.6441941261291504","2.737323760986328"
"428","42698.666666666664","42691","42706","2.7075863944159613","2.627054452896118","2.8171918392181396"
"429","42794.5","42786","42803","2.6918479204177856","2.5613505840301514","2.8450708389282227"
"430","42890.53846153846","42883","42898","2.699785489302415","2.601229429244995","2.784956693649292"
"431","42988.5","42980","42996","2.702465206384659","2.626966714859009","2.792059898376465"
"432","43085.25","43078","43095","2.7100296914577484","2.509399890899658","2.8278794288635254"
"433","43184","43175","43192","2.7203355176108226","2.583026170730591","2.852091073989868"
"434","43276.375","43272","43282","2.7116289734840393","2.602217197418213","2.834031105041504"
"435","43375","43369","43383","2.722192962964376","2.6559619903564453","2.8043107986450195"
"436","43473.28571428572","43466","43483","2.7555515425545827","2.681057929992676","2.8328866958618164"
"437","43569.22222222222","43563","43577","2.7135259575313992","2.664032220840454","2.8055617809295654"
"438","43669.63636363636","43661","43676","2.71779727935791","2.6275506019592285","2.8292813301086426"
"439","43767.642857142855","43758","43775","2.717243824686323","2.5772488117218018","2.8139820098876953"
"440","43863.46153846154","43855","43872","2.7472976537851186","2.635700225830078","2.8130760192871094"
"441","43958.545454545456","43952","43968","2.716403224251487","2.6257717609405518","2.8384687900543213"
"442","44058.2","44049","44066","2.6693024158477785","2.5795321464538574","2.7598843574523926"
"443","44154.769230769234","44146","44163","2.72650958941533","2.6176164150238037","2.8148269653320312"
"444","44251.444444444445","44244","44261","2.660907824834188","2.533177614212036","2.7618789672851562"
"445","44350.666666666664","44343","44357","2.711721579233805","2.642335891723633","2.7901690006256104"
"446","44445.8","44438","44454","2.6935935020446777","2.515061378479004","2.8632583618164062"
"447","44542.8","44535","44552","2.682590913772583","2.5909206867218018","2.7485876083374023"
"448","44639","44632","44647","2.7386656602223716","2.548891067504883","2.8133256435394287"
"449","44736.666666666664","44729","44745","2.760606050491333","2.64686918258667","2.8484387397766113"
"450","44836.75","44833","44842","2.710066646337509","2.570784568786621","2.903752326965332"
"451","44932","44924","44940","2.725194525718689","2.639211416244507","2.83054256439209"
"452","45029.142857142855","45021","45037","2.7131697790963307","2.525918960571289","2.846959352493286"
"453","45126.28571428572","45119","45135","2.7422967297690257","2.656736135482788","2.815105438232422"
"454","45223.25","45217","45228","2.753231257200241","2.577258825302124","2.938969850540161"
"455","45322","45312","45329","2.735332155227661","2.636770009994507","2.8135759830474854"
"456","45418.142857142855","45411","45425","2.7015674795423235","2.5845658779144287","2.826228618621826"
"457","45514","45507","45523","2.7080891728401184","2.597123861312866","2.816084384918213"
"458","45612.8125","45605","45621","2.692576512694359","2.572969675064087","2.791654586791992"
"459","45708.25","45702","45714","2.6958501736323037","2.640429735183716","2.781555414199829"
"460","45807.833333333336","45800","45815","2.6772443453470864","2.6025004386901855","2.740482807159424"
"461","45903.90909090909","45895","45912","2.712175347588279","2.631622552871704","2.7669174671173096"
"462","46000","45994","46007","2.6780962228775023","2.5931122303009033","2.8006763458251953"
"463","46098.857142857145","46090","46105","2.686373540333339","2.6125545501708984","2.7362589836120605"
"464","46196.857142857145","46188","46204","2.6959045955113004","2.6289074420928955","2.776707649230957"
"465","46291.63636363636","46285","46301","2.696648272601041","2.608180284500122","2.754474639892578"
"466","46387.125","46381","46395","2.727194309234619","2.598430871963501","2.9152774810791016"
"467","46484","46478","46494","2.725084755155775","2.5520637035369873","2.9829225540161133"
"468","46585.2","46576","46593","2.7179840803146362","2.6178579330444336","2.780724287033081"
"469","46681.21428571428","46673","46689","2.713024139404297","2.5991077423095703","2.8046836853027344"
"470","46778.72727272727","46770","46786","2.746687824075872","2.6115682125091553","2.872875928878784"
"471","46875.333333333336","46867","46884","2.696916315290663","2.6120824813842773","2.8651790618896484"
"472","46972.4","46966","46979","2.745067572593689","2.553191661834717","2.8492116928100586"
"473","47069.25","47062","47075","2.710052341222763","2.5704591274261475","2.817429780960083"
"474","47166","47159","47175","2.727697654203935","2.5840539932250977","2.8160061836242676"
"475","47266.5","47256","47273","2.7622462113698325","2.668938398361206","2.8270304203033447"
"476","47359.8","47353","47370","2.713687610626221","2.6383049488067627","2.7531511783599854"
"477","47459.416666666664","47450","47467","2.743881026903788","2.555051803588867","2.9006354808807373"
"478","47554.3","47547","47564","2.682566833496094","2.5930464267730713","2.796849250793457"
"479","47651.857142857145","47645","47659","2.754887785230364","2.6589083671569824","2.8214643001556396"
"480","47748.857142857145","47742","47756","2.6751038346971785","2.638223171234131","2.7138688564300537"
"481","47846","47839","47856","2.691319743792216","2.605818271636963","2.7542011737823486"
"482","47944.5","47937","47952","2.721964697043101","2.635303497314453","2.8364973068237305"
"483","48042.27272727273","48033","48050","2.7091687375848945","2.639874219894409","2.8237454891204834"
"484","48138.28571428572","48132","48144","2.69828394481114","2.6042940616607666","2.856252670288086"
"485","48236.90909090909","48227","48244","2.708784211765636","2.604872941970825","2.79288387298584"
"486","48334.666666666664","48325","48342","2.6942978898684182","2.580721139907837","2.8210458755493164"
"487","48430.27272727273","48422","48439","2.741775707765059","2.669412136077881","2.8384170532226562"
"488","48528.3","48522","48536","2.698698353767395","2.585740327835083","2.804539918899536"
"489","48624.2","48616","48632","2.688846707344055","2.4920127391815186","2.814851999282837"
"490","48720.642857142855","48713","48730","2.6843888419015065","2.572782039642334","2.75679087638855"
"491","48818.375","48811","48825","2.7077569365501404","2.597383975982666","2.806358814239502"
"492","48916.78571428572","48908","48925","2.7158325229372298","2.614443063735962","2.9360873699188232"
"493","49011.444444444445","49005","49022","2.7085170216030545","2.638385772705078","2.8310294151306152"
"494","49110.42857142857","49104","49119","2.702483585902623","2.648787260055542","2.782341718673706"
"495","49205.375","49199","49212","2.6601013839244843","2.5304949283599854","2.7570483684539795"
"496","49304.36363636364","49296","49312","2.706363873048262","2.628584861755371","2.8018765449523926"
"497","49401.5","49394","49410","2.681188076734543","2.6162593364715576","2.7629947662353516"
"498","49499.22222222222","49491","49506","2.714438279469808","2.600311756134033","2.770573616027832"
"499","49597.583333333336","49589","49605","2.728632907072703","2.6192822456359863","2.8831026554107666"
"500","49740.05303030303","49608","49950","2.7446541686852775","1.6290253400802612","5.497727394104004"
"501","50039.5","50033","50048","2.7021090507507326","2.6278865337371826","2.769522190093994"
"502","50140.8","50132","50147","2.669037961959839","2.534681797027588","2.803037643432617"
"503","50234.63636363636","50227","50244","2.703693151473999","2.6066904067993164","2.849273204803467"
"504","50331.88888888889","50325","50341","2.724970473183526","2.64048433303833","2.8554742336273193"
"505","50429.78571428572","50422","50437","2.6848191363470897","2.595533609390259","2.7919137477874756"
"506","50526.9","50519","50536","2.710541582107544","2.5888805389404297","2.8253767490386963"
"507","50624.818181818184","50616","50633","2.6969225623390893","2.5290656089782715","2.839878559112549"
"508","50723.22222222222","50713","50730","2.760074588987562","2.6621828079223633","2.869631767272949"
"509","50815.77777777778","50810","50826","2.737257162729899","2.663266181945801","2.836740493774414"
"510","50919","50915","50924","2.701712171236674","2.570801019668579","2.7929165363311768"
"511","51011.90909090909","51005","51018","2.6862369017167524","2.578979015350342","2.776813507080078"
"512","51110.36363636364","51102","51119","2.7261047580025415","2.6218483448028564","2.8414883613586426"
"513","51208.63636363636","51199","51216","2.6839759133078833","2.5851545333862305","2.7904648780822754"
"514","51301.7","51296","51312","2.7138223886489867","2.603391647338867","2.860264539718628"
"515","51402.09090909091","51393","51410","2.714065053246238","2.6235740184783936","2.8481059074401855"
"516","51500","51492","51506","2.7186316422053745","2.673018217086792","2.7861642837524414"
"517","51597.77777777778","51588","51604","2.7106637954711914","2.6062872409820557","2.7742888927459717"
"518","51693","51685","51702","2.698404398831454","2.5535407066345215","2.7670223712921143"
"519","51791.666666666664","51784","51798","2.7403442594740124","2.6356608867645264","2.7983851432800293"
"520","51887.181818181816","51879","51896","2.725129084153609","2.626417636871338","2.806511878967285"
"521","51984.6","51978","51993","2.6992379426956177","2.5851588249206543","2.8257973194122314"
"522","52083.42857142857","52079","52088","2.715895857129778","2.6460700035095215","2.7545042037963867"
"523","52177.4","52171","52186","2.7299882888793947","2.659675359725952","2.805192470550537"
"524","52276.4","52269","52284","2.678990602493286","2.589082956314087","2.850562572479248"
"525","52372.2","52365","52378","2.7026739358901977","2.6527748107910156","2.7399487495422363"
"526","52470","52462","52477","2.6831564009189606","2.531332015991211","2.7780447006225586"
"527","52570.125","52563","52576","2.7139160335063934","2.5944085121154785","2.815721273422241"
"528","52664.25","52658","52673","2.7088997960090637","2.6324522495269775","2.842080593109131"
"529","52763.90909090909","52755","52771","2.740161115472967","2.575317621231079","2.8680684566497803"
"530","52859.36363636364","52851","52867","2.6673290079290215","2.5684728622436523","2.75455641746521"
"531","52955.625","52948","52965","2.727682441473007","2.6735002994537354","2.8507368564605713"
"532","53053.72727272727","53045","53062","2.7221054380590264","2.60790753364563","2.8612945079803467"
"533","53148.2","53142","53158","2.712470197677612","2.57566237449646","2.845674514770508"
"534","53248.916666666664","53241","53256","2.6747669180234275","2.5561351776123047","2.7567553520202637"
"535","53345.4","53338","53353","2.7270057439804076","2.5485494136810303","2.8047080039978027"
"536","53444.7","53439","53452","2.7228959083557127","2.668513536453247","2.794708728790283"
"537","53540.857142857145","53534","53547","2.656374079840524","2.529667615890503","2.735173225402832"
"538","53637.72727272727","53629","53646","2.7253062941811304","2.613307476043701","2.857053279876709"
"539","53735.3","53728","53742","2.726470375061035","2.6613969802856445","2.8457460403442383"
"540","53831.25","53823","53839","2.7069555521011353","2.659379243850708","2.754747152328491"
"541","53928","53920","53937","2.7081482807795205","2.6232595443725586","2.8136329650878906"
"542","54024.71428571428","54017","54034","2.680459976196289","2.6163692474365234","2.7688517570495605"
"543","54123.9","54116","54130","2.714718961715698","2.5895297527313232","2.871072769165039"
"544","54216.5","54211","54224","2.735187848409017","2.713174819946289","2.769418478012085"
"545","54317","54308","54325","2.742079496383667","2.6170880794525146","2.878840208053589"
"546","54414","54406","54421","2.7086889010209303","2.547983169555664","2.826362371444702"
"547","54512.8","54504","54519","2.718620705604553","2.5852410793304443","2.795020341873169"
"548","54604.875","54600","54612","2.7506341636180878","2.689814567565918","2.8305678367614746"
"549","54704.63636363636","54696","54712","2.70300462029197","2.639531135559082","2.7739787101745605"
"550","54800.125","54794","54809","2.6878673136234283","2.546621561050415","2.776556968688965"
"551","54900.25","54893","54906","2.677451173464457","2.548128366470337","2.7845044136047363"
"552","54994.57142857143","54989","55000","2.7070729732513428","2.606196641921997","2.806098222732544"
"553","55094.4","55084","55101","2.6831462383270264","2.4948651790618896","2.794436454772949"
"554","55188.28571428572","55182","55196","2.7927699429648265","2.7116639614105225","2.854890823364258"
"555","55286.75","55280","55294","2.6577357947826385","2.506164312362671","2.7674660682678223"
"556","55383.25","55375","55391","2.7203161120414734","2.584028959274292","2.798207998275757"
"557","55480.27272727273","55473","55486","2.7265841960906982","2.6058566570281982","2.858391046524048"
"558","55576.818181818184","55570","55584","2.679214195771651","2.524595260620117","2.794881820678711"
"559","55673.63636363636","55667","55680","2.7229422439228403","2.5773372650146484","2.805412530899048"
"560","55771.36363636364","55765","55779","2.692614793777466","2.5805342197418213","2.7537643909454346"
"561","55866.857142857145","55860","55872","2.6574132783072337","2.567843437194824","2.7273173332214355"
"562","55967.333333333336","55959","55974","2.71669069925944","2.598334550857544","2.82204270362854"
"563","56061.2","56054","56068","2.71654953956604","2.5978236198425293","2.8010292053222656"
"564","56160","56152","56168","2.7193115124335656","2.596285581588745","2.864260196685791"
"565","56256.333333333336","56248","56265","2.7114348808924356","2.602273941040039","2.7929341793060303"
"566","56352.818181818184","56345","56361","2.7024079886349766","2.6426563262939453","2.852924346923828"
"567","56450.4","56442","56457","2.708262252807617","2.617732524871826","2.7694010734558105"
"568","56545.2","56539","56553","2.718194103240967","2.603997230529785","2.836902141571045"
"569","56646.75","56637","56653","2.6974822282791138","2.471022367477417","2.898390531539917"
"570","56744.1","56736","56750","2.7242611408233643","2.6147899627685547","2.8520267009735107"
"571","56836.9","56830","56846","2.7153971910476686","2.5899949073791504","2.857027053833008"
"572","56934.92307692308","56927","56944","2.7012588060819187","2.587735414505005","2.7677395343780518"
"573","57033.27272727273","57024","57041","2.695514288815585","2.596691370010376","2.759798765182495"
"574","57128","57122","57134","2.7031446525028775","2.6383514404296875","2.803105354309082"
"575","57225.92307692308","57218","57234","2.7199479066408596","2.522341728210449","2.824138641357422"
"576","57323.307692307695","57315","57332","2.701520956479586","2.593217611312866","2.820053815841675"
"577","57419.22222222222","57413","57429","2.7001279724968805","2.4914357662200928","2.810894012451172"
"578","57515.875","57509","57525","2.703045517206192","2.6249327659606934","2.8413796424865723"
"579","57614.818181818184","57606","57623","2.688240896571766","2.549290418624878","2.7959704399108887"
"580","57710.63636363636","57703","57719","2.699042883786288","2.5195107460021973","2.850297689437866"
"581","57806.88888888889","57801","57815","2.6889290544721813","2.5733768939971924","2.7862420082092285"
"582","57904.4","57898","57913","2.7464913368225097","2.687084436416626","2.840299129486084"
"583","58004.6","57994","58011","2.665709042549133","2.530518054962158","2.808211088180542"
"584","58100.7","58091","58108","2.6755900382995605","2.4068188667297363","2.7457761764526367"
"585","58196.846153846156","58190","58203","2.71764953319843","2.5655672550201416","2.824817180633545"
"586","58293","58286","58300","2.707942318916321","2.5696561336517334","2.7887468338012695"
"587","58388.63636363636","58382","58396","2.70686656778509","2.609484910964966","2.8572795391082764"
"588","58486.57142857143","58479","58496","2.6897080285208568","2.627319812774658","2.8245553970336914"
"589","58583.36363636364","58576","58591","2.650310147892345","2.467961311340332","2.816725254058838"
"590","58679.444444444445","58673","58689","2.698431306415134","2.597188949584961","2.800516366958618"
"591","58778.555555555555","58771","58787","2.662268188264635","2.6156508922576904","2.7143795490264893"
"592","58876.36363636364","58867","58884","2.679309844970703","2.552320957183838","2.776853322982788"
"593","58972.75","58964","58981","2.733381470044454","2.644009828567505","2.828951358795166"
"594","59071.583333333336","59064","59078","2.654408574104309","2.555363178253174","2.7412853240966797"
"595","59165.416666666664","59159","59174","2.7281336188316345","2.6032676696777344","2.9619367122650146"
"596","59266.5","59261","59271","2.697161237398783","2.618565320968628","2.773169755935669"
"597","59358.38461538462","59352","59366","2.6895116842710056","2.5676681995391846","2.8040974140167236"
"598","59457.72727272727","59450","59466","2.6842243021184746","2.581343173980713","2.821805000305176"
"599","59554.71428571428","59547","59562","2.7278428418295726","2.6908862590789795","2.7863411903381348"
"600","59702.24657534246","59565","59911","2.7847138528954494","1.6027923822402954","6.456872463226318"
"601","60000.09090909091","59992","60008","2.697585019198331","2.600632429122925","2.7751879692077637"
"602","60094.875","60088","60103","2.7095740735530853","2.6296448707580566","2.7594780921936035"
"603","60195","60186","60202","2.7131377855936685","2.659446954727173","2.7534866333007812"
"604","60292.857142857145","60288","60298","2.73255147252764","2.6760973930358887","2.7929978370666504"
"605","60388.333333333336","60380","60394","2.6657829549577503","2.5262227058410645","2.7961888313293457"
"606","60483.142857142855","60476","60490","2.7360711097717285","2.628352642059326","2.853351593017578"
"607","60581.22222222222","60574","60590","2.6827552848392062","2.610352039337158","2.7522661685943604"
"608","60678.555555555555","60672","60685","2.706880489985148","2.5931336879730225","2.8058900833129883"
"609","60774.125","60767","60783","2.707012712955475","2.5724222660064697","2.837801456451416"
"610","60871.833333333336","60864","60881","2.715638021628062","2.6618738174438477","2.785701036453247"
"611","60969.166666666664","60963","60975","2.711090366045634","2.6422088146209717","2.7820990085601807"
"612","61065.454545454544","61059","61075","2.7086876522411","2.662137508392334","2.774686813354492"
"613","61165","61155","61172","2.7532223330603705","2.678313732147217","2.81801700592041"
"614","61261.8","61255","61269","2.684324264526367","2.586771011352539","2.7874562740325928"
"615","61356.8","61350","61363","2.6794670820236206","2.5546457767486572","2.7950987815856934"
"616","61455.5","61446","61463","2.7108786900838218","2.6231582164764404","2.8131749629974365"
"617","61551.545454545456","61545","61560","2.691358978098089","2.6144559383392334","2.827028751373291"
"618","61649.25","61641","61657","2.729986935853958","2.554255485534668","2.865609884262085"
"619","61745.125","61738","61754","2.6888019740581512","2.5810420513153076","2.7861766815185547"
"620","61843.125","61836","61850","2.6919646561145782","2.593280792236328","2.8234000205993652"
"621","61940","61931","61947","2.7077951669692992","2.6364238262176514","2.86740779876709"
"622","62035.9","62028","62044","2.7286973714828493","2.601200819015503","2.833538770675659"
"623","62134.8","62128","62142","2.7241031408309935","2.646174430847168","2.817939043045044"
"624","62231.666666666664","62222","62239","2.6812756657600403","2.608206272125244","2.7832586765289307"
"625","62328.88888888889","62323","62336","2.6449576483832464","2.535752773284912","2.7312421798706055"
"626","62424.27272727273","62416","62431","2.688713615590876","2.5860955715179443","2.773684024810791"
"627","62522.09090909091","62514","62530","2.6756565787575464","2.512432336807251","2.7847530841827393"
"628","62617.444444444445","62610","62625","2.687720696131388","2.524834632873535","2.79252290725708"
"629","62714.8","62707","62724","2.6669147491455076","2.5514421463012695","2.807677984237671"
"630","62814.11111111111","62804","62821","2.7069345315297446","2.6364405155181885","2.8502414226531982"
"631","62910.454545454544","62901","62918","2.671801870519465","2.5638294219970703","2.7412045001983643"
"632","63007.3","63000","63015","2.7135561227798464","2.6006531715393066","2.826338052749634"
"633","63103.57142857143","63095","63112","2.7031549385615756","2.6237380504608154","2.8703417778015137"
"634","63201.333333333336","63192","63209","2.711745606528388","2.583946466445923","2.8850626945495605"
"635","63296.77777777778","63290","63306","2.710889948738946","2.65116286277771","2.803229808807373"
"636","63394.333333333336","63387","63402","2.671759565671285","2.5846798419952393","2.769439697265625"
"637","63490.875","63484","63498","2.68781241774559","2.6079089641571045","2.7966408729553223"
"638","63587.545454545456","63580","63595","2.7054334337061103","2.590881109237671","2.777590751647949"
"639","63684.5","63679","63694","2.7068554162979126","2.6210780143737793","2.777409076690674"
"640","63782.27272727273","63774","63791","2.702397194775668","2.597177505493164","2.9297304153442383"
"641","63880.142857142855","63871","63888","2.730217933654785","2.6917433738708496","2.8191919326782227"
"642","63974.125","63968","63985","2.6873754262924194","2.5729291439056396","2.858293294906616"
"643","64072.75","64065","64082","2.7107051014900208","2.5906150341033936","2.798081398010254"
"644","64168","64162","64179","2.672177129321628","2.606884002685547","2.7441768646240234"
"645","64266.4","64259","64276","2.675292491912842","2.5617127418518066","2.7664635181427"
"646","64365.846153846156","64356","64373","2.716909096791194","2.6139163970947266","2.7992966175079346"
"647","64460.75","64454","64469","2.6769661009311676","2.575087547302246","2.7616045475006104"
"648","64559.6","64550","64567","2.7451104640960695","2.6763687133789062","2.8020787239074707"
"649","64654.63636363636","64647","64664","2.6925715533169834","2.5895907878875732","2.842388868331909"
"650","64751.666666666664","64744","64761","2.6835153102874756","2.501739740371704","2.8356339931488037"
"651","64849.22222222222","64841","64858","2.7222730848524304","2.65667724609375","2.8442063331604004"
"652","64948.09090909091","64939","64955","2.686071049083363","2.5702919960021973","2.849275588989258"
"653","65043.333333333336","65035","65050","2.689574360847473","2.538302421569824","2.7742528915405273"
"654","65138.857142857145","65133","65148","2.7157672473362515","2.6136298179626465","2.822455406188965"
"655","65239.545454545456","65230","65246","2.74137637831948","2.6231467723846436","2.8362038135528564"
"656","65335.857142857145","65327","65343","2.688701799937657","2.537174940109253","2.8271002769470215"
"657","65432.2","65424","65440","2.703063488006592","2.5852458477020264","2.8181614875793457"
"658","65528.9","65520","65537","2.693799948692322","2.4804680347442627","2.8518810272216797"
"659","65625.45454545454","65617","65632","2.647169980135831","2.51282000541687","2.775916337966919"
"660","65722.22222222222","65714","65731","2.6814960373772516","2.613173246383667","2.8019301891326904"
"661","65822.5","65817","65828","2.683027505874634","2.6303257942199707","2.80888032913208"
"662","65915","65908","65925","2.7053096944635566","2.5678045749664307","2.8494091033935547"
"663","66012.77777777778","66006","66022","2.686534139845106","2.5229597091674805","2.7968547344207764"
"664","66112","66103","66119","2.6887726306915285","2.62550687789917","2.756883144378662"
"665","66208.1","66199","66215","2.679985189437866","2.5485739707946777","2.749392509460449"
"666","66303.125","66297","66311","2.7018139958381653","2.6095876693725586","2.772106647491455"
"667","66401.08333333333","66393","66409","2.6968790094057717","2.5739073753356934","2.8011696338653564"
"668","66497.2","66490","66505","2.6949270963668823","2.5372352600097656","2.8809032440185547"
"669","66593","66588","66598","2.6913690865039825","2.5784666538238525","2.8221466541290283"
"670","66694.16666666667","66686","66699","2.672396977742513","2.6330392360687256","2.7402169704437256"
"671","66788.91666666667","66782","66796","2.7351685762405396","2.5688021183013916","2.896416425704956"
"672","66886.1","66879","66894","2.6924696922302247","2.543246269226074","2.7964255809783936"
"673","66981.66666666667","66975","66991","2.6672222349378796","2.6002328395843506","2.7779223918914795"
"674","67079.33333333333","67072","67088","2.6758995850880942","2.5508503913879395","2.756587028503418"
"675","67179.83333333333","67169","67186","2.7151776552200317","2.5806970596313477","2.839354991912842"
"676","67274.5","67267","67283","2.657195840563093","2.5093252658843994","2.7883992195129395"
"677","67372.25","67363","67380","2.692336161931356","2.554377794265747","2.8036999702453613"
"678","67469.15384615384","67460","67477","2.700278979081374","2.5780866146087646","2.7938265800476074"
"679","67565.36363636363","67558","67574","2.686605280095881","2.597259044647217","2.795097589492798"
"680","67661.64285714286","67654","67670","2.6935937064034596","2.5377485752105713","2.7728230953216553"
"681","67757.625","67751","67767","2.691218078136444","2.6034743785858154","2.750844717025757"
"682","67857.88888888889","67848","67865","2.6599095927344427","2.521132230758667","2.798600673675537"
"683","67952.33333333333","67945","67959","2.72796893119812","2.6203079223632812","2.831122636795044"
"684","68049.875","68043","68057","2.7051051557064056","2.636657238006592","2.8000504970550537"
"685","68148.8","68140","68156","2.7008227825164797","2.643632173538208","2.785327911376953"
"686","68242.4","68236","68248","2.7181405305862425","2.6110799312591553","2.865332841873169"
"687","68342.8","68333","68350","2.7267713069915773","2.6369552612304688","2.7785160541534424"
"688","68438.16666666667","68430","68447","2.693390190601349","2.588062286376953","2.816147804260254"
"689","68535.63636363637","68527","68544","2.686683004552668","2.5892555713653564","2.8107354640960693"
"690","68632.44444444444","68624","68639","2.6748782528771295","2.568453073501587","2.800379753112793"
"691","68731.4","68722","68738","2.703257608413696","2.596679925918579","2.800102710723877"
"692","68826.55555555556","68818","68835","2.6955116324954562","2.6173319816589355","2.8193349838256836"
"693","68924.3","68917","68931","2.6877318382263184","2.5819551944732666","2.7610650062561035"
"694","69019.85714285714","69016","69024","2.7060238974434987","2.592550754547119","2.781886100769043"
"695","69119.66666666667","69113","69126","2.695077551735772","2.598459243774414","2.816627264022827"
"696","69213.25","69206","69221","2.6589313745498657","2.516833782196045","2.743804693222046"
"697","69311","69303","69319","2.666839395250593","2.5537147521972656","2.759866952896118"
"698","69407.81818181818","69400","69415","2.683486916802146","2.5679779052734375","2.8691585063934326"
"699","69504.76923076923","69497","69514","2.6854283809661865","2.5509138107299805","2.8165817260742188"
"700","69645.6","69517","69858","2.7112177511741375","1.5924187898635864","5.39506721496582"
"701","69949.09090909091","69942","69957","2.6526385003870185","2.4745073318481445","2.814481019973755"
"702","70047.88888888889","70039","70054","2.6632961432139077","2.5915863513946533","2.7636373043060303"
"703","70145.33333333333","70139","70151","2.6458823680877686","2.5590226650238037","2.70566987991333"
"704","70241.33333333333","70233","70250","2.6826266712612576","2.570786714553833","2.799900770187378"
"705","70338.90909090909","70332","70347","2.703715216029774","2.62559175491333","2.7560880184173584"
"706","70436.90909090909","70427","70444","2.6904757022857666","2.6136958599090576","2.8580572605133057"
"707","70530.77777777778","70525","70537","2.6694642702738443","2.5857410430908203","2.747678279876709"
"708","70630.6","70621","70638","2.7147949934005737","2.6264047622680664","2.7538421154022217"
"709","70726.88888888889","70721","70734","2.6704246468014188","2.5914347171783447","2.773127555847168"
"710","70822.90909090909","70815","70831","2.6769077344374224","2.539855480194092","2.848294496536255"
"711","70918.81818181818","70912","70929","2.66344894062389","2.4952030181884766","2.8216214179992676"
"712","71016.44444444444","71009","71022","2.694693856769138","2.587251663208008","2.7837297916412354"
"713","71114.55555555556","71107","71121","2.7264321910010443","2.6869144439697266","2.7693686485290527"
"714","71212.2","71205","71219","2.6512009143829345","2.5881216526031494","2.745530605316162"
"715","71308.23076923077","71300","71317","2.6796104357792783","2.602437734603882","2.8214409351348877"
"716","71404.25","71397","71414","2.6687921285629272","2.5318310260772705","2.8759536743164062"
"717","71504.11111111111","71498","71509","2.688364770677355","2.5737318992614746","2.8178136348724365"
"718","71604","71596","71608","2.68760769707816","2.5934762954711914","2.7678422927856445"
"719","71696","71688","71705","2.686724841594696","2.5707926750183105","2.7599892616271973"
"720","71792.5","71786","71801","2.6761558771133425","2.5952486991882324","2.7990803718566895"
"721","71891","71884","71899","2.7034890386793347","2.5709216594696045","2.8441784381866455"
"722","71986.71428571429","71980","71996","2.6872974804469516","2.5752604007720947","2.8156583309173584"
"723","72082.9","72076","72091","2.6800866603851317","2.6038150787353516","2.774054765701294"
"724","72181.18181818182","72174","72189","2.686152631586248","2.6078386306762695","2.802553415298462"
"725","72279.33333333333","72273","72286","2.669242885377672","2.58298397064209","2.7891242504119873"
"726","72375.71428571429","72368","72383","2.6752425602504184","2.613593339920044","2.7706298828125"
"727","72474.44444444444","72465","72481","2.7039332389831543","2.5639290809631348","2.801492214202881"
"728","72568.55555555556","72561","72575","2.698747396469116","2.6114282608032227","2.7871053218841553"
"729","72667.44444444444","72658","72675","2.729262193044027","2.6180214881896973","2.8514859676361084"
"730","72764.16666666667","72755","72772","2.643752614657084","2.5676794052124023","2.7493815422058105"
"731","72860.3","72852","72867","2.6429271936416625","2.567514181137085","2.7258479595184326"
"732","72958.44444444444","72949","72966","2.698093149397108","2.617528200149536","2.812971830368042"
"733","73052.875","73046","73063","2.6705051958560944","2.5549662113189697","2.7863974571228027"
"734","73152.14285714286","73147","73159","2.7211640221732005","2.626368761062622","2.8237645626068115"
"735","73249.42857142857","73241","73257","2.6543406077793668","2.3900511264801025","2.856083631515503"
"736","73345.14285714286","73338","73353","2.696215663637434","2.5998473167419434","2.8132424354553223"
"737","73440.42857142857","73434","73450","2.689912796020508","2.6045525074005127","2.79593825340271"
"738","73539.4","73531","73547","2.7212141036987303","2.600243091583252","2.8219778537750244"
"739","73637.5","73631","73645","2.6683397769927977","2.513486623764038","2.7985451221466064"
"740","73735.18181818182","73728","73742","2.6596398787064985","2.4562456607818604","2.7702338695526123"
"741","73831.18181818182","73822","73839","2.7270615100860596","2.609204053878784","2.900143623352051"
"742","73928.57142857143","73921","73934","2.6849660192217146","2.5105137825012207","2.7799270153045654"
"743","74024.33333333333","74017","74033","2.6840625206629434","2.625859022140503","2.781371593475342"
"744","74120.55555555556","74113","74130","2.6855999893612332","2.5352954864501953","2.798262119293213"
"745","74217.76923076923","74210","74225","2.673568982344407","2.524818181991577","2.798710823059082"
"746","74315.92857142857","74309","74324","2.7007760320390974","2.59061598777771","2.7998383045196533"
"747","74413.375","74406","74419","2.7017883956432343","2.6103949546813965","2.9308531284332275"
"748","74510.90909090909","74501","74518","2.670460831035267","2.518806219100952","2.7922236919403076"
"749","74605.41666666667","74598","74615","2.692204733689626","2.5707523822784424","2.7947702407836914"
"750","74702.42857142857","74695","74712","2.6471842357090543","2.4529457092285156","2.765843391418457"
"751","74800","74793","74808","2.6931540727615357","2.585439682006836","2.8233892917633057"
"752","74897","74890","74904","2.701298952102661","2.603489637374878","2.7816760540008545"
"753","74991.77777777778","74986","75003","2.651415136125353","2.592769145965576","2.7113726139068604"
"754","75092.1","75083","75100","2.670016074180603","2.4743857383728027","2.7652111053466797"
"755","75187.33333333333","75180","75196","2.681721422407362","2.544989585876465","2.7433223724365234"
"756","75286.75","75279","75294","2.6940313577651978","2.5866942405700684","2.8284010887145996"
"757","75382.72727272728","75375","75390","2.705182292244651","2.5804507732391357","2.765596866607666"
"758","75481.85714285714","75473","75488","2.7104243550981795","2.6285858154296875","2.7609071731567383"
"759","75574.44444444444","75569","75582","2.705608155992296","2.545675039291382","2.8577146530151367"
"760","75675.55555555556","75669","75682","2.675562063852946","2.5502021312713623","2.7932050228118896"
"761","75768.11111111111","75762","75775","2.6696938143836126","2.562706708908081","2.7510976791381836"
"762","75869.28571428571","75861","75875","2.734574862888881","2.6100027561187744","2.859609842300415"
"763","75964.25","75957","75971","2.66632279753685","2.595757246017456","2.7024831771850586"
"764","76063.45454545454","76056","76070","2.6969734972173516","2.5989902019500732","2.8074111938476562"
"765","76158.66666666667","76151","76165","2.7320164574517145","2.6630308628082275","2.8021655082702637"
"766","76252.25","76247","76261","2.685903489589691","2.63761043548584","2.7720649242401123"
"767","76352.77777777778","76344","76359","2.7050223615434437","2.6076927185058594","2.8223702907562256"
"768","76450","76442","76458","2.6628976345062254","2.49837064743042","2.747100591659546"
"769","76546.83333333333","76541","76555","2.6162601312001548","2.526884078979492","2.6927599906921387"
"770","76642.91666666667","76635","76650","2.654556175072988","2.48165225982666","2.808885335922241"
"771","76742.25","76734","76749","2.6326051553090415","2.514676094055176","2.7286624908447266"
"772","76838","76830","76845","2.726044314248221","2.661986827850342","2.8755648136138916"
"773","76935","76927","76942","2.7247433960437775","2.6108036041259766","2.7917959690093994"
"774","77031.81818181818","77023","77040","2.707485307346691","2.5168447494506836","2.802969217300415"
"775","77128.71428571429","77122","77135","2.744605370930263","2.623504161834717","2.8259787559509277"
"776","77225.875","77217","77234","2.683487117290497","2.5808217525482178","2.7439897060394287"
"777","77322","77315","77331","2.6504266977310182","2.612187623977661","2.7350852489471436"
"778","77418.71428571429","77411","77424","2.6759311131068637","2.626383066177368","2.755662441253662"
"779","77516.83333333333","77508","77525","2.696898182233175","2.5642781257629395","2.801161766052246"
"780","77614.44444444444","77605","77620","2.6770789093441434","2.5814194679260254","2.7651214599609375"
"781","77711.41666666667","77702","77719","2.695616881052653","2.6148898601531982","2.737157106399536"
"782","77807.18181818182","77799","77816","2.6670885302803735","2.5086939334869385","2.7601122856140137"
"783","77903.55555555556","77896","77913","2.6952816115485296","2.5422637462615967","2.780475616455078"
"784","78000.18181818182","77993","78008","2.7010065859014336","2.578535556793213","2.778538465499878"
"785","78098.6","78090","78107","2.7111243724823","2.6416070461273193","2.8099915981292725"
"786","78194.66666666667","78187","78204","2.655835509300232","2.574432611465454","2.8069705963134766"
"787","78293.4","78286","78300","2.672729229927063","2.5669431686401367","2.7449302673339844"
"788","78388.875","78382","78396","2.7375490963459015","2.5444507598876953","2.824570417404175"
"789","78484.77777777778","78478","78494","2.6810273594326444","2.5535013675689697","2.7750046253204346"
"790","78580.57142857143","78575","78586","2.6744494438171387","2.585059404373169","2.7422540187835693"
"791","78679.69230769231","78672","78688","2.7357977903806248","2.5790605545043945","2.818056106567383"
"792","78777.36363636363","78769","78786","2.7039518139579077","2.571963310241699","2.8057498931884766"
"793","78875.125","78866","78882","2.677297204732895","2.6241979598999023","2.715745687484741"
"794","78971.08333333333","78964","78979","2.7007136742273965","2.615863084793091","2.806363344192505"
"795","79070.125","79062","79077","2.7054907083511353","2.6099185943603516","2.818579912185669"
"796","79163.4","79157","79173","2.6781352519989015","2.6134586334228516","2.7410318851470947"
"797","79264.8","79256","79270","2.7251542091369627","2.5729215145111084","2.8257036209106445"
"798","79359.8","79351","79368","2.660840463638306","2.535998582839966","2.8500537872314453"
"799","79457.2","79449","79465","2.714076519012451","2.5934815406799316","2.8378798961639404"
"800","79604.95172413794","79467","79813","2.635086119586024","1.6205419301986694","4.841044902801514"
"801","79901.66666666667","79893","79910","2.661968191464742","2.577258825302124","2.7531347274780273"
"802","79999.22222222222","79990","80007","2.6886343955993652","2.565953493118286","2.849353313446045"
"803","80096.77777777778","80087","80103","2.67297985818651","2.5327465534210205","2.8329107761383057"
"804","80191.5","80184","80199","2.7140065133571625","2.5828652381896973","2.870076894760132"
"805","80290.18181818182","80281","80296","2.6643812439658423","2.526160955429077","2.7811238765716553"
"806","80386.46153846153","80378","80395","2.7004512640146108","2.556743621826172","2.788740396499634"
"807","80485.5","80475","80492","2.681783139705658","2.5806233882904053","2.7480907440185547"
"808","80582.25","80576","80588","2.731883466243744","2.635341167449951","2.8213629722595215"
"809","80676.85714285714","80670","80685","2.6571829659598216","2.486907958984375","2.709998369216919"
"810","80776.09090909091","80766","80783","2.647527738050981","2.530639410018921","2.738528251647949"
"811","80871","80863","80880","2.6613851388295493","2.5848450660705566","2.7383201122283936"
"812","80970.5","80963","80977","2.7270268201828003","2.6419851779937744","2.836862802505493"
"813","81065.21428571429","81058","81074","2.664003542491368","2.5278615951538086","2.8053464889526367"
"814","81161.25","81154","81168","2.7019331753253937","2.6225714683532715","2.8309242725372314"
"815","81260.14285714286","81255","81267","2.6848484448024204","2.6078765392303467","2.74459171295166"
"816","81355.55555555556","81348","81362","2.722291602028741","2.6172502040863037","2.811345100402832"
"817","81452.6","81445","81459","2.6785266160964967","2.558056116104126","2.8716509342193604"
"818","81550.5","81542","81559","2.6898235281308494","2.5803439617156982","2.7607131004333496"
"819","81647.08333333333","81639","81655","2.6207977533340454","2.539173126220703","2.696232318878174"
"820","81743.5","81736","81752","2.67438742518425","2.6016757488250732","2.7098371982574463"
"821","81840.66666666667","81833","81849","2.6741604010264077","2.5924813747406006","2.7600467205047607"
"822","81936.71428571429","81931","81946","2.725583553314209","2.6478230953216553","2.8465025424957275"
"823","82036.25","82028","82042","2.7143946488698325","2.5806851387023926","2.7886617183685303"
"824","82133.125","82127","82140","2.705037146806717","2.523367166519165","2.8094663619995117"
"825","82228.7","82222","82238","2.631781220436096","2.55643367767334","2.7033441066741943"
"826","82326.63636363637","82318","82335","2.6766524098136206","2.589141845703125","2.761597156524658"
"827","82421.75","82415","82430","2.6902751525243125","2.57609486579895","2.8274052143096924"
"828","82520.28571428571","82512","82529","2.6757430859974454","2.574904441833496","2.7697761058807373"
"829","82618.72727272728","82610","82626","2.6937917362559927","2.5840165615081787","2.8062081336975098"
"830","82713.91666666667","82706","82723","2.6872819860776267","2.4164679050445557","2.840308666229248"
"831","82811.125","82805","82819","2.7157250344753265","2.6188838481903076","2.8041462898254395"
"832","82908.58333333333","82900","82917","2.694366971651713","2.563526153564453","2.790057897567749"
"833","83004.42857142857","82998","83011","2.7003966740199496","2.605863094329834","2.85105299949646"
"834","83102.91666666667","83094","83111","2.6938477158546448","2.5901570320129395","2.8207952976226807"
"835","83200.91666666667","83195","83208","2.6795320908228555","2.6134719848632812","2.8157966136932373"
"836","83296.22222222222","83288","83305","2.6732648743523493","2.596548318862915","2.767078161239624"
"837","83392.625","83387","83401","2.6923786401748657","2.6446781158447266","2.789924383163452"
"838","83489.81818181818","83482","83499","2.671642606908625","2.601168632507324","2.7438573837280273"
"839","83588.90909090909","83579","83595","2.676336266777732","2.540102005004883","2.7823729515075684"
"840","83686","83677","83691","2.700508157412211","2.5744216442108154","2.7916605472564697"
"841","83782.11111111111","83774","83790","2.6966928905910916","2.5997302532196045","2.76298451423645"
"842","83879.07142857143","83871","83887","2.696617075375148","2.5845794677734375","2.818418025970459"
"843","83975.18181818182","83967","83983","2.6613557772202925","2.5735113620758057","2.7613160610198975"
"844","84072.55555555556","84065","84081","2.7037094169192843","2.664717197418213","2.797839641571045"
"845","84170.22222222222","84161","84178","2.6845758226182728","2.5922114849090576","2.790966033935547"
"846","84267.55555555556","84258","84275","2.7004691229926214","2.5506844520568848","2.7958080768585205"
"847","84363.77777777778","84357","84372","2.6666559643215604","2.5760648250579834","2.7493855953216553"
"848","84459.42857142857","84452","84468","2.676762785230364","2.6295790672302246","2.7522354125976562"
"849","84555.125","84549","84563","2.6884182393550873","2.6136314868927","2.8014237880706787"
"850","84653.125","84646","84660","2.680902600288391","2.642768144607544","2.7452619075775146"
"851","84749.125","84743","84756","2.6888442039489746","2.5717597007751465","2.7898619174957275"
"852","84846.77777777778","84840","84856","2.632643540700277","2.53385329246521","2.719996213912964"
"853","84946.61538461539","84938","84954","2.6790165717785177","2.539466381072998","2.7461631298065186"
"854","85038.5","85034","85046","2.697694092988968","2.6255197525024414","2.7854766845703125"
"855","85139.46153846153","85131","85148","2.7066464240734396","2.540238857269287","2.8208494186401367"
"856","85238.33333333333","85230","85245","2.6624355051252575","2.595329999923706","2.774223804473877"
"857","85331.85714285714","85328","85335","2.6591796875","2.5499260425567627","2.7138330936431885"
"858","85430.53846153847","85423","85439","2.6850601526407094","2.5904393196105957","2.797330856323242"
"859","85526.11111111111","85519","85535","2.701156589719984","2.509920358657837","2.801997423171997"
"860","85623.4","85616","85632","2.6797252893447876","2.593083620071411","2.7450032234191895"
"861","85723.25","85713","85730","2.7046945889790854","2.5894863605499268","2.806039571762085"
"862","85818.7","85812","85827","2.6746113538742065","2.607635259628296","2.766955614089966"
"863","85916.83333333333","85908","85924","2.6621076663335166","2.5934410095214844","2.7398087978363037"
"864","86014.1","86007","86020","2.6694929599761963","2.556286334991455","2.8244271278381348"
"865","86106.7","86101","86115","2.6586918592453004","2.525047779083252","2.8164315223693848"
"866","86204.54545454546","86198","86212","2.6913459951227363","2.614375352859497","2.814879894256592"
"867","86303.25","86296","86312","2.6744734942913055","2.604992389678955","2.748074531555176"
"868","86400.63636363637","86392","86409","2.69754299250516","2.5562522411346436","2.819722890853882"
"869","86498.09090909091","86489","86505","2.6715526580810547","2.5709035396575928","2.840712308883667"
"870","86594","86586","86601","2.6811855137348175","2.534933567047119","2.8301353454589844"
"871","86691.08333333333","86683","86700","2.6790133913358054","2.51532244682312","2.7935914993286133"
"872","86790.6","86783","86797","2.6773863315582274","2.5349209308624268","2.7601332664489746"
"873","86884.11111111111","86877","86893","2.7075451480017767","2.6436665058135986","2.811924934387207"
"874","86981.42857142857","86976","86990","2.691204922539847","2.5172476768493652","2.781508684158325"
"875","87079.27272727272","87071","87087","2.6779822652990166","2.5729048252105713","2.745393753051758"
"876","87174.75","87168","87185","2.7130236327648163","2.577080249786377","2.773432493209839"
"877","87273.15384615384","87265","87282","2.7079786153940053","2.5612378120422363","2.871415615081787"
"878","87370.6","87363","87378","2.667136240005493","2.5437111854553223","2.790433406829834"
"879","87468.54545454546","87459","87476","2.6625062985853716","2.5055060386657715","2.820829391479492"
"880","87565","87556","87573","2.6788538561926947","2.5745203495025635","2.7962074279785156"
"881","87661.75","87654","87670","2.681144913037618","2.5704457759857178","2.75036883354187"
"882","87757.3","87750","87767","2.665616035461426","2.551226854324341","2.763681650161743"
"883","87854.2","87847","87863","2.689110589027405","2.568375587463379","2.7914822101593018"
"884","87953","87946","87959","2.717923641204834","2.6419625282287598","2.813095808029175"
"885","88050.11111111111","88041","88058","2.62791641553243","2.454124927520752","2.786412477493286"
"886","88145.8","88138","88155","2.6832027196884156","2.5862643718719482","2.8105409145355225"
"887","88242.46153846153","88235","88251","2.7111663268162656","2.571288824081421","2.8896939754486084"
"888","88340.38461538461","88332","88347","2.691616388467642","2.476966381072998","2.876342296600342"
"889","88437.5","88430","88446","2.6703429023424783","2.460150957107544","2.764800786972046"
"890","88535.9","88528","88543","2.7033401012420653","2.5350987911224365","2.854097366333008"
"891","88630.55555555556","88623","88640","2.6645101971096463","2.58546781539917","2.7263059616088867"
"892","88729.55555555556","88720","88737","2.689148743947347","2.592444658279419","2.8052737712860107"
"893","88824","88817","88832","2.6961572885513307","2.5647525787353516","2.8095366954803467"
"894","88921.1","88914","88930","2.6927340030670166","2.606140613555908","2.7528584003448486"
"895","89019","89011","89027","2.6822000543276467","2.5116543769836426","2.778804302215576"
"896","89116.66666666667","89108","89124","2.6640665001339383","2.538770914077759","2.747143030166626"
"897","89215.33333333333","89206","89221","2.688457383049859","2.5265631675720215","2.7957582473754883"
"898","89310.57142857143","89304","89318","2.6650075231279646","2.5399773120880127","2.8057026863098145"
"899","89407.28571428571","89400","89415","2.689394167491368","2.5986616611480713","2.763350248336792"
"900","89547.67153284671","89418","89764","2.70764008925779","1.5114285945892334","6.277899742126465"
"901","89852.71428571429","89845","89860","2.692598717553275","2.568484306335449","2.7672030925750732"
"902","89951.41666666667","89944","89958","2.673539618651072","2.4955828189849854","2.7680623531341553"
"903","90047.6","90038","90055","2.6649340391159058","2.5419533252716064","2.8324012756347656"
"904","90143.1","90136","90152","2.664063549041748","2.5796704292297363","2.75886607170105"
"905","90241.38461538461","90233","90249","2.6633486380943885","2.5161805152893066","2.771087408065796"
"906","90337.66666666667","90329","90346","2.660196522871653","2.5359976291656494","2.798988103866577"
"907","90435","90426","90440","2.766059637069702","2.7472829818725586","2.796452522277832"
"908","90527","90523","90533","2.665710965792338","2.6016039848327637","2.740626573562622"