"train/global_step","gpt2-medium_fasttune_aux-without_ln - _step","gpt2-medium_fasttune_aux-without_ln - _step__MIN","gpt2-medium_fasttune_aux-without_ln - _step__MAX","gpt2-medium_fasttune_aux-without_ln - eval/loss","gpt2-medium_fasttune_aux-without_ln - eval/loss__MIN","gpt2-medium_fasttune_aux-without_ln - eval/loss__MAX","gpt2-medium_fasttune_aux-without_ln - main_loss","gpt2-medium_fasttune_aux-without_ln - main_loss__MIN","gpt2-medium_fasttune_aux-without_ln - main_loss__MAX"
"0","65.61538461538461","55","76","2.5163","2.5163","2.5163","2.9603878534757175","2.6958467960357666","3.0456831455230713"
"1","142.66666666666666","134","152","","","","2.958833396434784","2.8381083011627197","3.041656255722046"
"2","219.5625","210","232","","","","3.004737675189972","2.8309288024902344","3.105971574783325"
"3","299","288","309","","","","3.1436572808485765","2.958646774291992","3.2599081993103027"
"4","377.46153846153845","366","388","","","","3.173609293424166","3.0255789756774902","3.2657418251037598"
"5","457.53846153846155","445","466","","","","3.219811494533832","3.0841972827911377","3.328122615814209"
"6","531.875","522","543","","","","3.3383177518844604","3.2435996532440186","3.441516637802124"
"7","610.7857142857143","600","619","","","","3.2858418226242065","3.1326262950897217","3.39369797706604"
"8","687.8235294117648","678","699","","","","3.18186897390029","3.077026128768921","3.303682327270508"
"9","767.4666666666667","756","778","","","","3.1998116175333657","3.0684783458709717","3.34073805809021"
"10","844.7333333333333","834","856","","","","3.1191617965698244","3.0543622970581055","3.2328128814697266"
"11","923.1904761904761","912","934","","","","3.0839466594514393","2.8558156490325928","3.251676321029663"
"12","998.3333333333334","991","1006","","","","3.073797172970242","2.9122297763824463","3.194397449493408"
"13","1080.4666666666667","1068","1090","","","","3.041750446955363","2.947730541229248","3.1395316123962402"
"14","1157.6842105263158","1147","1168","","","","3.0266782735523425","2.9028279781341553","3.14467716217041"
"15","1233.4615384615386","1225","1243","","","","3.012336492538452","2.791726589202881","3.1430935859680176"
"16","1312.1176470588234","1302","1324","","","","3.008177532869227","2.793102502822876","3.174428701400757"
"17","1390.6666666666667","1380","1402","","","","2.931229101286994","2.7850193977355957","3.0394699573516846"
"18","1469.6666666666667","1459","1480","","","","2.9680774529774983","2.819329261779785","3.1603634357452393"
"19","1546.1666666666667","1536","1558","","","","3.0201892852783203","2.876692533493042","3.1811888217926025"
"20","1624.4545454545455","1615","1637","","","","2.9865277030251245","2.8658266067504883","3.0832762718200684"
"21","1705.0666666666666","1694","1714","","","","2.9604949792226156","2.7907819747924805","3.0893707275390625"
"22","1782.6666666666667","1772","1794","","","","3.0004173715909324","2.8815019130706787","3.1149182319641113"
"23","1861.3076923076924","1851","1871","","","","2.9329536878145657","2.7061808109283447","3.119574546813965"
"24","1939.2142857142858","1930","1951","","","","2.8978376388549805","2.6978800296783447","3.0158238410949707"
"25","2016.857142857143","2007","2027","","","","2.9405455929892406","2.832274913787842","3.032503604888916"
"26","2097.153846153846","2087","2108","","","","2.955895130450909","2.852907180786133","3.174757242202759"
"27","2176.846153846154","2167","2186","","","","3.239308870755709","3.0819194316864014","3.46757435798645"
"28","2254.375","2243","2265","","","","3.390608996152878","3.077892303466797","3.786386489868164"
"29","2332.4615384615386","2321","2343","","","","3.0718514369084287","2.9673142433166504","3.172922134399414"
"30","2409.625","2401","2422","","","","3.134683057665825","2.9368038177490234","3.2899134159088135"
"31","2486.3333333333335","2478","2499","","","","3.102663596471151","2.8997271060943604","3.240492343902588"
"32","2568.5384615384614","2558","2579","","","","3.0184787053328295","2.903712272644043","3.1488211154937744"
"33","2645.3076923076924","2635","2657","","","","3.1212896016927867","3.033207893371582","3.1881353855133057"
"34","2724.4666666666667","2714","2735","","","","3.1685400009155273","3.040846109390259","3.2935783863067627"
"35","2801.1428571428573","2792","2813","","","","3.0910466568810597","2.902291774749756","3.27067232131958"
"36","2881.714285714286","2871","2892","","","","3.0376628807612827","2.9506490230560303","3.137511968612671"
"37","2961.3846153846152","2950","2971","","","","3.0370341631082387","2.919860363006592","3.1641664505004883"
"38","3038.75","3028","3050","","","","3.025874614715576","2.8807506561279297","3.1550042629241943"
"39","3115.7","3106","3128","","","","2.9753782033920286","2.8706822395324707","3.056096076965332"
"40","3195.5454545454545","3185","3207","","","","3.0175363583998247","2.866447925567627","3.25464129447937"
"41","3274.153846153846","3263","3284","","","","2.996333910868718","2.9148879051208496","3.1417222023010254"
"42","3352.6111111111113","3342","3364","","","","2.992253581682841","2.870194673538208","3.134744882583618"
"43","3430.5","3420","3442","","","","2.924914926290512","2.7205090522766113","3.0819251537323"
"44","3509.9333333333334","3499","3521","","","","2.9507918039957683","2.796583652496338","3.1397926807403564"
"45","3587.3333333333335","3577","3599","","","","2.9610331694285077","2.820556640625","3.216041088104248"
"46","3665.2","3656","3677","","","","2.9334012031555177","2.6403985023498535","3.1372978687286377"
"47","3745.133333333333","3734","3756","","","","2.9711723486582438","2.8640329837799072","3.078888177871704"
"48","3823","3813","3835","","","","2.95182892481486","2.8597254753112793","3.0633368492126465"
"49","3901.75","3893","3913","","","","2.9593905061483383","2.8720929622650146","3.101421356201172"
"50","3981.266666666667","3971","3992","","","","2.906571960449219","2.8159847259521484","3.1294164657592773"
"51","4059","4049","4070","","","","2.933926400016336","2.818171739578247","3.075460433959961"
"52","4140.5","4129","4148","","","","2.9141233444213865","2.7952442169189453","3.0096893310546875"
"53","4216","4205","4227","","","","2.9646561271265934","2.820817470550537","3.087887763977051"
"54","4293.571428571428","4284","4304","","","","2.895858543259757","2.8047451972961426","3.005000114440918"
"55","4372.4375","4362","4384","","","","2.909211188554764","2.7443909645080566","3.0483765602111816"
"56","4453.615384615385","4441","4463","","","","2.9101835764371433","2.830676317214966","3.025888681411743"
"57","4529.375","4520","4541","","","","2.9210402816534042","2.79133939743042","3.07460355758667"
"58","4608.176470588235","4598","4620","","","","2.932871369754567","2.819936752319336","3.0709145069122314"
"59","4688.333333333333","4676","4698","","","","2.922745211919149","2.7960519790649414","3.009089231491089"
"60","4768.7692307692305","4758","4777","","","","2.9281669580019436","2.8512566089630127","3.050983190536499"
"61","4843.9375","4834","4855","","","","2.932976797223091","2.769765615463257","3.230954885482788"
"62","4922.166666666667","4912","4934","","","","2.8837491141425238","2.751556158065796","3.0382003784179688"
"63","5001","4990","5012","","","","2.9442375898361206","2.681260347366333","3.076155662536621"
"64","5078.5","5069","5091","","","","2.9199670404195786","2.775860071182251","3.073822021484375"
"65","5156.090909090909","5147","5168","","","","2.9093033400448887","2.8276891708374023","3.0123162269592285"
"66","5239","5230","5248","","","","2.8931452433268228","2.780263900756836","2.9796605110168457"
"67","5313.642857142857","5304","5326","","","","2.9001258441380093","2.762268543243408","2.961834669113159"
"68","5394.933333333333","5383","5405","","","","2.9212730089823404","2.666358709335327","3.1536905765533447"
"69","5471.733333333334","5462","5483","","","","2.899998505910238","2.769531488418579","2.982789993286133"
"70","5551","5540","5562","","","","2.924220085144043","2.746981382369995","3.062588930130005"
"71","5629.071428571428","5619","5640","","","","2.9339970350265503","2.7447640895843506","3.0712363719940186"
"72","5706.857142857143","5698","5717","","","","2.9266474417277744","2.8182990550994873","3.0123167037963867"
"73","5786.571428571428","5775","5797","","","","2.893103156770979","2.777125358581543","3.020946502685547"
"74","5866.272727272727","5854","5876","","","","2.8970080505717886","2.758753538131714","3.0366010665893555"
"75","5941.1875","5932","5951","","","","2.914393588900566","2.699894666671753","3.035200834274292"
"76","6021.692307692308","6012","6033","","","","2.9311198454636793","2.8504583835601807","3.033639907836914"
"77","6100.1875","6089","6111","","","","2.9085142463445663","2.763671636581421","3.045783519744873"
"78","6179.941176470588","6170","6189","","","","2.9768305385813996","2.790945291519165","3.11409330368042"
"79","6256.642857142857","6248","6265","","","","2.9342325585229054","2.8107566833496094","3.1162586212158203"
"80","6336.857142857143","6325","6346","","","","2.953932387488229","2.791611909866333","3.110280752182007"
"81","6413.076923076923","6403","6424","","","","2.9151870103982778","2.779050588607788","3.0365042686462402"
"82","6491.1","6482","6504","","","","2.9612574100494387","2.7476515769958496","3.1215944290161133"
"83","6571.333333333333","6561","6582","","","","2.934106151262919","2.846681594848633","3.0002596378326416"
"84","6649.461538461538","6639","6661","","","","2.997090761478131","2.830920696258545","3.2507543563842773"
"85","6726.571428571428","6717","6736","","","","2.967018110411508","2.8126542568206787","3.094229221343994"
"86","6808.1875","6797","6818","","","","2.9884094148874283","2.7861814498901367","3.0857694149017334"
"87","6884.555555555556","6874","6895","","","","2.9605531692504883","2.808688163757324","3.1889395713806152"
"88","6962.307692307692","6953","6974","","","","2.934233151949369","2.8239574432373047","3.027867555618286"
"89","7041.916666666667","7031","7052","","","","2.94968189795812","2.8217275142669678","3.1924490928649902"
"90","7120.846153846154","7111","7131","","","","2.9748341670403113","2.887335777282715","3.0909504890441895"
"91","7200.357142857143","7188","7209","","","","2.959896888051714","2.823018789291382","3.0943851470947266"
"92","7277","7267","7289","","","","2.9572955710547313","2.811321496963501","3.0358221530914307"
"93","7357.2307692307695","7348","7367","","","","2.9510366183060865","2.801117420196533","3.1626152992248535"
"94","7433.272727272727","7424","7446","","","","2.8897095160050825","2.7427072525024414","3.1314799785614014"
"95","7513","7502","7523","","","","2.9335270949772427","2.7390103340148926","3.052396059036255"
"96","7592.941176470588","7581","7603","","","","2.9391088205225326","2.823483943939209","3.0468249320983887"
"97","7670.416666666667","7659","7680","","","","2.9359665910402932","2.754523992538452","3.0469603538513184"
"98","7747.333333333333","7738","7757","","","","2.983929991722107","2.8514976501464844","3.107877254486084"
"99","7824.785714285715","7816","7837","","","","2.9338290691375732","2.799713134765625","3.115220069885254"
"100","8381.354166666666","7840","8994","2.858389139175415","2.858389139175415","2.858389139175415","2.8416096219007376","1.541313886642456","4.252636432647705"
"101","9064","9054","9075","","","","2.898584110396249","2.6842525005340576","3.1166558265686035"
"102","9144.076923076924","9133","9154","","","","2.9347623678354116","2.838204860687256","3.098221778869629"
"103","9219.214285714286","9211","9229","","","","2.90125344480787","2.7654263973236084","3.069200277328491"
"104","9302.727272727272","9290","9311","","","","2.906862410632047","2.8184032440185547","2.9567973613739014"
"105","9379.3","9367","9389","","","","2.9204213857650756","2.805082321166992","3.0418920516967773"
"106","9456.5","9446","9468","","","","2.8981873989105225","2.7372477054595947","3.0272064208984375"
"107","9534.666666666666","9524","9545","","","","2.9053837140401204","2.7729852199554443","3.053556442260742"
"108","9614.642857142857","9606","9625","","","","2.9095459495271956","2.7571163177490234","3.0470564365386963"
"109","9692.642857142857","9682","9703","","","","2.9128944192613875","2.749682903289795","2.9996337890625"
"110","9771.083333333334","9760","9782","","","","2.89840300877889","2.7793569564819336","3.0304157733917236"
"111","9849.411764705883","9839","9859","","","","2.9177168257096233","2.7939388751983643","3.052023410797119"
"112","9926.5","9917","9937","","","","2.9633880138397215","2.900531530380249","3.1207103729248047"
"113","10006.90909090909","9995","10017","","","","2.911138252778487","2.755192279815674","3.0173213481903076"
"114","10084.846153846154","10076","10094","","","","2.891266492696909","2.8106930255889893","2.979933261871338"
"115","10163","10153","10174","","","","2.9050925572713218","2.6972687244415283","3.0492472648620605"
"116","10240.642857142857","10231","10252","","","","2.913717951093401","2.755502700805664","2.9816253185272217"
"117","10320.411764705883","10309","10331","","","","2.8792368804707245","2.7679789066314697","3.0105724334716797"
"118","10397.3125","10387","10409","","","","2.9137677252292633","2.808640718460083","3.035015344619751"
"119","10478.25","10467","10488","","","","2.921118065714836","2.7297563552856445","3.033034324645996"
"120","10555","10544","10566","","","","2.8605766892433167","2.757373332977295","3.0229833126068115"
"121","10632.235294117647","10622","10644","","","","2.8533137545866123","2.654181957244873","2.9997036457061768"
"122","10712.57142857143","10701","10723","","","","2.871055143220084","2.679898262023926","2.971374750137329"
"123","10788","10779","10800","","","","2.850046025382148","2.7260994911193848","3.00248646736145"
"124","10868.5","10857","10878","","","","2.854638397693634","2.7290687561035156","2.9744160175323486"
"125","10946.083333333334","10936","10957","","","","2.9080127080281577","2.7790377140045166","3.048642158508301"
"126","11025","11015","11036","","","","2.906922362067483","2.726776123046875","2.985494375228882"
"127","11104.23076923077","11094","11113","","","","2.9162118985102725","2.761277675628662","3.0062689781188965"
"128","11183.214285714286","11171","11193","","","","2.8689294712884084","2.7376198768615723","2.9878408908843994"
"129","11259.5","11249","11271","","","","2.914730668067932","2.8136816024780273","3.034700870513916"
"130","11338.538461538461","11328","11349","","","","2.87428879737854","2.7673757076263428","3.018822431564331"
"131","11417.42857142857","11407","11428","","","","2.919767584119524","2.7790048122406006","3.069525718688965"
"132","11494.846153846154","11484","11505","","","","2.8443651566138635","2.6551754474639893","2.9656522274017334"
"133","11575.461538461539","11565","11583","","","","2.8735120113079367","2.694220781326294","3.013113498687744"
"134","11651.733333333334","11641","11663","","","","2.876008733113607","2.774722099304199","2.99017071723938"
"135","11731","11720","11741","","","","2.879224189122518","2.7747597694396973","3.0306406021118164"
"136","11808.3125","11797","11819","","","","2.881813421845436","2.7639098167419434","2.975783586502075"
"137","11887.2","11876","11897","","","","2.858580700556437","2.721526622772217","2.9777872562408447"
"138","11965.272727272728","11954","11976","","","","2.886594533920288","2.77847957611084","3.025402784347534"
"139","12043.7","12033","12054","","","","2.9148383855819704","2.8167364597320557","3.1053833961486816"
"140","12122.1875","12112","12133","","","","2.9280060678720474","2.8451709747314453","3.1138291358947754"
"141","12201.076923076924","12191","12211","","","","2.901177222912128","2.7380752563476562","3.0405900478363037"
"142","12277.857142857143","12267","12289","","","","2.9182422842298235","2.8493213653564453","3.028650999069214"
"143","12357","12346","12368","","","","2.8696911931037903","2.747591972351074","3.0955493450164795"
"144","12435.375","12424","12446","","","","2.876265302300453","2.732056140899658","2.987454652786255"
"145","12512.5","12502","12524","","","","2.8768185036523","2.7397336959838867","3.025193452835083"
"146","12591.714285714286","12581","12603","","","","2.8573074340820312","2.7500810623168945","2.932851791381836"
"147","12667.916666666666","12659","12678","","","","2.9167231718699136","2.7955496311187744","2.9911930561065674"
"148","12745.333333333334","12737","12756","","","","2.864211678504944","2.6633315086364746","2.9519448280334473"
"149","12825.636363636364","12816","12834","","","","2.871618552641435","2.7194137573242188","2.966798782348633"
"150","12905.058823529413","12894","12915","","","","2.893107330097872","2.7874999046325684","3.094026565551758"
"151","12982.615384615385","12972","12993","","","","2.8742424157949595","2.780301570892334","2.9823577404022217"
"152","13061.666666666666","13051","13072","","","","2.8834709326426187","2.6218597888946533","3.0242929458618164"
"153","13139.866666666667","13129","13151","","","","2.861072063446045","2.7032361030578613","2.9629018306732178"
"154","13220.125","13208","13229","","","","2.8805307894945145","2.7694649696350098","2.9916138648986816"
"155","13297.272727272728","13286","13307","","","","2.8968558744950728","2.789790153503418","3.004014015197754"
"156","13374.92857142857","13365","13386","","","","2.9036144699369157","2.8092658519744873","2.9831125736236572"
"157","13452.75","13442","13463","","","","2.8733233511447906","2.6264843940734863","3.0420138835906982"
"158","13535.066666666668","13525","13543","","","","2.893443457285563","2.7835545539855957","2.9863359928131104"
"159","13611.9375","13602","13620","","","","2.8907937556505203","2.6781392097473145","2.9873340129852295"
"160","13686.78947368421","13677","13698","","","","2.8932826393528988","2.726726531982422","3.037466287612915"
"161","13766.904761904761","13756","13778","","","","2.872266406104678","2.7201614379882812","2.998293399810791"
"162","13844.2","13834","13856","","","","2.8787609100341798","2.716434955596924","3.006023406982422"
"163","13922.4","13912","13933","","","","2.893540112177531","2.7655270099639893","3.077504873275757"
"164","14001.142857142857","13991","14013","","","","2.8482470171792165","2.7755587100982666","3.0278701782226562"
"165","14080.076923076924","14069","14091","","","","2.886595689333402","2.7699713706970215","2.976973533630371"
"166","14157.916666666666","14147","14168","","","","2.8642542958259583","2.7785980701446533","3.0292413234710693"
"167","14237.5","14228","14246","","","","2.8864252964655557","2.7352359294891357","3.045069456100464"
"168","14314.42857142857","14305","14326","","","","2.9074855021068027","2.8112010955810547","3.069500684738159"
"169","14394.444444444445","14382","14404","","","","2.874276783731249","2.777176856994629","3.008612871170044"
"170","14470.666666666666","14461","14483","","","","2.9231440385182696","2.719774007797241","3.0071117877960205"
"171","14547.846153846154","14540","14561","","","","2.855363002190223","2.7197351455688477","2.951033353805542"
"172","14628.125","14617","14639","","","","2.8444126546382904","2.6748807430267334","2.975583553314209"
"173","14709.214285714286","14696","14717","","","","2.8371412583759854","2.723660945892334","2.9266927242279053"
"174","14783.6","14775","14795","","","","2.922708018620809","2.728745460510254","3.0919148921966553"
"175","14863.538461538461","14852","14874","","","","2.9077791617466855","2.7844810485839844","3.0780856609344482"
"176","14942.583333333334","14933","14950","","","","2.8674338261286416","2.666374921798706","3.00148868560791"
"177","15019.4375","15009","15030","","","","2.8864211291074753","2.738089084625244","3.0571186542510986"
"178","15099.083333333334","15087","15109","","","","2.8744905392328897","2.7487237453460693","2.982120990753174"
"179","15176.5","15166","15188","","","","2.889757672945658","2.712000608444214","3.015336275100708"
"180","15252.6","15245","15262","","","","2.9012892723083494","2.7428998947143555","3.005897045135498"
"181","15333.777777777777","15324","15343","","","","2.903210851881239","2.7864701747894287","3.057983636856079"
"182","15414.076923076924","15404","15423","","","","2.8894418569711537","2.776667594909668","3.01389741897583"
"183","15490.3","15482","15499","","","","2.907150316238403","2.769801378250122","3.036160945892334"
"184","15569.416666666666","15557","15579","","","","2.9300759037335715","2.7747106552124023","3.078105926513672"
"185","15644.714285714286","15636","15658","","","","2.8938554184777394","2.791680335998535","3.058586359024048"
"186","15726.333333333334","15714","15736","","","","2.883321777979533","2.7707605361938477","3.052079439163208"
"187","15805.214285714286","15793","15814","","","","2.891275201525007","2.738271951675415","3.0071892738342285"
"188","15880.941176470587","15871","15892","","","","2.897349385654225","2.7522940635681152","3.0558223724365234"
"189","15958.90909090909","15950","15970","","","","2.8764794089577417","2.7970526218414307","2.983397960662842"
"190","16038.733333333334","16029","16050","","","","2.8506089210510255","2.7059454917907715","2.9668781757354736"
"191","16119.923076923076","16107","16128","","","","2.840637133671687","2.72910213470459","3.003699779510498"
"192","16195.722222222223","16185","16206","","","","2.8876108990775213","2.7008068561553955","3.0004637241363525"
"193","16277","16263","16284","","","","2.861718702316284","2.6711463928222656","3.0080697536468506"
"194","16351.444444444445","16344","16362","","","","2.8351418177286782","2.7021055221557617","3.0413002967834473"
"195","16427.285714285714","16418","16440","","","","2.8819212402616228","2.737375020980835","3.009108543395996"
"196","16503.909090909092","16498","16513","","","","2.8456001715226606","2.6981027126312256","3.038325071334839"
"197","16584.066666666666","16575","16595","","","","2.8853630224863687","2.7158541679382324","2.9970102310180664"
"198","16662.35714285714","16652","16672","","","","2.8546454906463623","2.719362258911133","2.9973974227905273"
"199","16740.076923076922","16730","16750","","","","2.844206168101384","2.7531309127807617","3.0237438678741455"
"200","17301.808846761454","16754","17906","2.813565731048584","2.813565731048584","2.813565731048584","2.783250597647474","1.5115606784820557","3.6273932456970215"
"201","17976.9375","17966","17988","","","","2.83812116086483","2.7290585041046143","2.924794912338257"
"202","18058","18048","18065","","","","2.8871550193199744","2.6632368564605713","2.975414276123047"
"203","18133.090909090908","18123","18143","","","","2.910159111022949","2.7485830783843994","3.0631589889526367"
"204","18210.285714285714","18202","18222","","","","2.9055456944874356","2.7217705249786377","3.083249092102051"
"205","18289.066666666666","18278","18300","","","","2.885664367675781","2.7838196754455566","3.0693857669830322"
"206","18366.2","18356","18376","","","","2.8655491352081297","2.789527654647827","2.967350482940674"
"207","18444.090909090908","18434","18454","","","","2.8414190899242056","2.639920711517334","2.9468886852264404"
"208","18524.333333333332","18513","18534","","","","2.8741676648457846","2.686070680618286","3.019165277481079"
"209","18601.18181818182","18590","18611","","","","2.876239689913663","2.7472336292266846","3.099395990371704"
"210","18679.5","18669","18689","","","","2.8700151443481445","2.7429933547973633","2.9460697174072266"
"211","18757.214285714286","18746","18768","","","","2.8820172548294067","2.743182420730591","2.98130202293396"
"212","18835.636363636364","18825","18845","","","","2.87348764592951","2.720499038696289","3.0434958934783936"
"213","18912.5","18905","18922","","","","2.855614185333252","2.7217559814453125","2.9834604263305664"
"214","18992.533333333333","18981","19002","","","","2.869876829783122","2.6996827125549316","3.0053036212921143"
"215","19068.076923076922","19058","19077","","","","2.8721931897676907","2.707955837249756","3.0587806701660156"
"216","19148.333333333332","19136","19157","","","","2.888645807902018","2.765087842941284","3.0476396083831787"
"217","19225.75","19214","19235","","","","2.8451563715934753","2.7560479640960693","2.984279155731201"
"218","19300.5","19292","19314","","","","2.835167717933655","2.7086997032165527","2.9523956775665283"
"219","19382.133333333335","19370","19392","","","","2.8832634766896565","2.7357425689697266","3.1111109256744385"
"220","19459.583333333332","19449","19469","","","","2.8760401209195456","2.768240451812744","2.974043846130371"
"221","19534.916666666668","19526","19546","","","","2.900946537653605","2.718249559402466","3.155965566635132"
"222","19615.928571428572","19605","19625","","","","2.840156146458217","2.6841001510620117","2.9955246448516846"
"223","19690.916666666668","19682","19703","","","","2.9148698846499124","2.7912657260894775","3.046420097351074"
"224","19770.5","19761","19782","","","","2.8875099271535873","2.681368350982666","3.058677911758423"
"225","19847.64285714286","19838","19860","","","","2.8655108894620622","2.748481035232544","3.0238683223724365"
"226","19926.833333333332","19916","19937","","","","2.8305078744888306","2.7713820934295654","2.9204888343811035"
"227","20005.88888888889","19994","20016","","","","2.8411802450815835","2.670029640197754","3.0051820278167725"
"228","20082.8","20074","20094","","","","2.86975359916687","2.785175085067749","2.944000005722046"
"229","20162.214285714286","20152","20171","","","","2.8748776401792253","2.736290216445923","3.0148539543151855"
"230","20240.066666666666","20228","20250","","","","2.875706164042155","2.7881524562835693","2.9601311683654785"
"231","20315.916666666668","20306","20326","","","","2.84231690565745","2.7015202045440674","2.9846394062042236"
"232","20395.866666666665","20384","20406","","","","2.8926634311676027","2.7738137245178223","3.054241895675659"
"233","20474.64285714286","20463","20484","","","","2.825921961239406","2.6195425987243652","2.955942153930664"
"234","20551.272727272728","20540","20562","","","","2.8407521464607934","2.740273952484131","2.9213619232177734"
"235","20630.571428571428","20620","20640","","","","2.8366542884281705","2.744791030883789","2.9613327980041504"
"236","20707.69230769231","20698","20716","","","","2.862219737126277","2.7202377319335938","2.9656496047973633"
"237","20785.117647058825","20774","20796","","","","2.866866981281954","2.6283085346221924","3.0301218032836914"
"238","20862.636363636364","20854","20871","","","","2.8690800450064917","2.649691343307495","3.058133840560913"
"239","20941.235294117647","20930","20952","","","","2.8856305094326244","2.752476930618286","3.0306015014648438"
"240","21020.25","21008","21030","","","","2.8582502603530884","2.7484681606292725","2.9918432235717773"
"241","21096.75","21088","21106","","","","2.880461116631826","2.8087944984436035","2.9253225326538086"
"242","21176.4375","21167","21185","","","","2.858011543750763","2.676879644393921","3.0243475437164307"
"243","21253.1875","21243","21264","","","","2.8276834040880203","2.7148828506469727","2.9855220317840576"
"244","21330.64285714286","21320","21341","","","","2.8726108414786204","2.762606382369995","2.9774768352508545"
"245","21409.055555555555","21398","21420","","","","2.8694762653774686","2.736698865890503","2.9603655338287354"
"246","21486.333333333332","21476","21498","","","","2.862742789586385","2.6650888919830322","3.041846990585327"
"247","21565.235294117647","21554","21576","","","","2.871879311168895","2.768925189971924","3.039334535598755"
"248","21642.866666666665","21632","21653","","","","2.8679792245229083","2.683791399002075","3.039886474609375"
"249","21721.666666666668","21711","21732","","","","2.888972043991089","2.782325029373169","3.0623421669006348"
"250","21797.923076923078","21788","21809","","","","2.876033214422373","2.7185146808624268","3.047868013381958"
"251","21877.466666666667","21866","21888","","","","2.8704834461212156","2.7309439182281494","2.9434361457824707"
"252","21956.4","21944","21966","","","","2.881981921195984","2.6709108352661133","2.970576286315918"
"253","22034.46153846154","22023","22044","","","","2.898722997078529","2.8061890602111816","3.095766544342041"
"254","22110.5","22101","22122","","","","2.8692348301410675","2.820303201675415","2.9611737728118896"
"255","22188.866666666665","22178","22200","","","","2.858691199620565","2.627307891845703","2.9518895149230957"
"256","22268.416666666668","22258","22276","","","","2.839923103650411","2.7181236743927","2.945114850997925"
"257","22348.363636363636","22337","22356","","","","2.8347651958465576","2.6512882709503174","2.9283430576324463"
"258","22423.083333333332","22413","22433","","","","2.853118121623993","2.683936834335327","2.940267324447632"
"259","22502.46153846154","22492","22512","","","","2.841289942081158","2.737363338470459","2.9757132530212402"
"260","22577.75","22568","22589","","","","2.894079407056173","2.784682273864746","3.0566792488098145"
"261","22657.214285714286","22646","22667","","","","2.85645968573434","2.5884833335876465","3.037843942642212"
"262","22734.928571428572","22725","22746","","","","2.8203337022236417","2.677781343460083","2.90891432762146"
"263","22815.636363636364","22804","22824","","","","2.844777323982932","2.778982400894165","2.894594430923462"
"264","22891.909090909092","22880","22902","","","","2.851518154144287","2.7211012840270996","2.9551990032196045"
"265","22969.846153846152","22958","22979","","","","2.8467367612398586","2.7046005725860596","2.9918081760406494"
"266","23049","23037","23058","","","","2.84139147400856","2.7212400436401367","2.9841647148132324"
"267","23123.64285714286","23114","23135","","","","2.8846910170146396","2.7680909633636475","3.001681089401245"
"268","23203.615384615383","23192","23214","","","","2.8396007464482236","2.718393087387085","2.9651689529418945"
"269","23279.81818181818","23271","23292","","","","2.8646552562713623","2.6992857456207275","2.991180181503296"
"270","23358","23348","23368","","","","2.8705857594807944","2.7632334232330322","2.9858250617980957"
"271","23438.85714285714","23429","23448","","","","2.854980332510812","2.7226667404174805","2.9339077472686768"
"272","23516.5","23504","23526","","","","2.8493189364671707","2.699002504348755","2.9870104789733887"
"273","23591.166666666668","23584","23604","","","","2.8338403900464377","2.7348875999450684","2.946859121322632"
"274","23673.5","23662","23681","","","","2.8575938045978546","2.7386136054992676","2.9662363529205322"
"275","23747.8","23739","23757","","","","2.902182126045227","2.7940099239349365","3.0168628692626953"
"276","23826.428571428572","23816","23837","","","","2.8399431875773837","2.711637496948242","2.9779751300811768"
"277","23903.333333333332","23894","23912","","","","2.859355628490448","2.6523005962371826","2.928610324859619"
"278","23982.6","23972","23993","","","","2.8724148591359455","2.6612977981567383","3.045823812484741"
"279","24061.647058823528","24050","24072","","","","2.8273869823007023","2.686978340148926","2.9530415534973145"
"280","24139.76923076923","24128","24148","","","","2.880409919298612","2.7580838203430176","3.012145519256592"
"281","24216.14285714286","24207","24228","","","","2.8430943148476735","2.7345566749572754","2.9457714557647705"
"282","24296.058823529413","24284","24306","","","","2.8313526826746322","2.6999247074127197","2.9711780548095703"
"283","24375.083333333332","24362","24384","","","","2.831445495287577","2.732194423675537","2.9619863033294678"
"284","24451.363636363636","24441","24461","","","","2.859575249932029","2.754305601119995","2.9579780101776123"
"285","24529.35714285714","24518","24540","","","","2.8754683222089494","2.7299060821533203","3.0927436351776123"
"286","24605.88888888889","24596","24617","","","","2.8618286980523004","2.752779006958008","3.039149284362793"
"287","24684.53846153846","24675","24695","","","","2.8186883192795973","2.733212947845459","3.0236053466796875"
"288","24761.615384615383","24752","24772","","","","2.8385240664848914","2.7133259773254395","3.0660886764526367"
"289","24841.941176470587","24830","24852","","","","2.8803099323721493","2.7669594287872314","2.9703049659729004"
"290","24919.083333333332","24909","24930","","","","2.813771148522695","2.735917329788208","2.929225444793701"
"291","24998.636363636364","24990","25007","","","","2.8587803190404717","2.6345112323760986","2.988354206085205"
"292","25075.866666666665","25064","25086","","","","2.8616124471028646","2.672478437423706","2.958220958709717"
"293","25151.909090909092","25142","25162","","","","2.865629803050648","2.7632884979248047","3.006542444229126"
"294","25231.076923076922","25220","25242","","","","2.8442135590773363","2.6530184745788574","3.0292105674743652"
"295","25307.785714285714","25299","25320","","","","2.8531141451426913","2.7090365886688232","3.020094394683838"
"296","25387.166666666668","25376","25398","","","","2.8411133686701455","2.5872690677642822","2.9653377532958984"
"297","25464.69230769231","25455","25475","","","","2.863677446658795","2.6611454486846924","2.9869723320007324"
"298","25542.11111111111","25534","25553","","","","2.838064273198446","2.706329107284546","3.0530595779418945"
"299","25622.53846153846","25611","25632","","","","2.8220376051389255","2.6917824745178223","2.964770793914795"
"300","26194.068217054264","25635","26789","2.795132875442505","2.795132875442505","2.795132875442505","2.795426941806485","1.591993808746338","4.059736251831055"
"301","26856.76923076923","26846","26866","","","","2.899422388810378","2.798413038253784","3.0203826427459717"
"302","26934.785714285714","26924","26946","","","","2.863746711186","2.7369680404663086","2.980621814727783"
"303","27012","27002","27023","","","","2.850131059947767","2.713395833969116","2.9507296085357666"
"304","27091.470588235294","27080","27102","","","","2.8405079140382656","2.637936592102051","2.9710121154785156"
"305","27168.875","27158","27179","","","","2.8703270107507706","2.7200582027435303","3.012767791748047"
"306","27245.5625","27236","27257","","","","2.835941508412361","2.7441012859344482","2.956125259399414"
"307","27324.909090909092","27314","27334","","","","2.8590043891559946","2.7494423389434814","3.0572640895843506"
"308","27403.333333333332","27394","27414","","","","2.848495626449585","2.776179313659668","2.9428725242614746"
"309","27480.25","27470","27492","","","","2.824458062648773","2.7342495918273926","2.8962650299072266"
"310","27556.923076923078","27548","27569","","","","2.8391347848452053","2.68994402885437","3.0020523071289062"
"311","27636.53846153846","27626","27648","","","","2.88514990072984","2.6997928619384766","3.0464251041412354"
"312","27713.923076923078","27705","27726","","","","2.8457667460808387","2.719953775405884","3.025618314743042"
"313","27794.9375","27782","27804","","","","2.872646912932396","2.7096407413482666","3.005589246749878"
"314","27870.933333333334","27862","27882","","","","2.848314905166626","2.7191247940063477","2.9838509559631348"
"315","27949.5","27938","27959","","","","2.8797870874404907","2.7774131298065186","3.0484774112701416"
"316","28026.923076923078","28016","28037","","","","2.863381917660053","2.698305130004883","3.025608777999878"
"317","28105.071428571428","28094","28116","","","","2.8540511471884593","2.8081037998199463","2.930572032928467"
"318","28182.846153846152","28173","28194","","","","2.888934685633733","2.74420166015625","3.003901243209839"
"319","28259.4375","28250","28269","","","","2.7997948974370956","2.6019744873046875","3.0041463375091553"
"320","28340.1875","28329","28350","","","","2.8283634185791016","2.6774747371673584","2.952636957168579"
"321","28416.333333333332","28409","28428","","","","2.843535323937734","2.723510980606079","2.979356527328491"
"322","28495.133333333335","28484","28506","","","","2.8384552637736005","2.683196544647217","2.949357271194458"
"323","28574.4375","28565","28584","","","","2.8359843641519547","2.683114767074585","2.916718006134033"
"324","28646.666666666668","28640","28659","","","","2.8342523309919567","2.63141131401062","2.908038377761841"
"325","28727.25","28718","28740","","","","2.852295905351639","2.543295383453369","3.018674850463867"
"326","28807.133333333335","28797","28818","","","","2.886516507466634","2.7636163234710693","2.9590084552764893"
"327","28884.85714285714","28874","28896","","","","2.8665938888277327","2.750791311264038","2.9772732257843018"
"328","28963.3125","28953","28973","","","","2.842181444168091","2.611828327178955","3.0003809928894043"
"329","29041.384615384617","29031","29052","","","","2.8612088423508863","2.7663304805755615","2.9451777935028076"
"330","29119","29109","29130","","","","2.820327075322469","2.6419742107391357","2.8910558223724365"
"331","29197.625","29187","29208","","","","2.813105210661888","2.6710705757141113","2.9369661808013916"
"332","29275.916666666668","29265","29283","","","","2.8469560941060386","2.7305197715759277","2.948218584060669"
"333","29351.933333333334","29343","29364","","","","2.848540925979614","2.698228359222412","3.0421152114868164"
"334","29430.14285714286","29422","29442","","","","2.8348372834069386","2.7570745944976807","2.9952735900878906"
"335","29508.384615384617","29498","29520","","","","2.852112971819364","2.6599788665771484","2.924640417098999"
"336","29587.090909090908","29576","29598","","","","2.8290682922710073","2.7601423263549805","2.914752960205078"
"337","29666.14285714286","29656","29676","","","","2.841864858354841","2.6404268741607666","2.935560703277588"
"338","29742.76923076923","29732","29754","","","","2.820334636248075","2.610379934310913","2.978121280670166"
"339","29821.823529411766","29811","29832","","","","2.8519357512978947","2.6156411170959473","2.9914326667785645"
"340","29898.5","29888","29909","","","","2.8050051416669572","2.6840929985046387","2.905411958694458"
"341","29976.3125","29966","29987","","","","2.9119829535484314","2.7542977333068848","3.050151824951172"
"342","30053.875","30046","30062","","","","2.798430919647217","2.6712119579315186","2.8969438076019287"
"343","30133.23076923077","30124","30141","","","","2.844965091118446","2.7132880687713623","2.978175640106201"
"344","30210.35714285714","30200","30222","","","","2.851809501647949","2.6866633892059326","2.9111671447753906"
"345","30287.833333333332","30278","30300","","","","2.8300241827964783","2.6940648555755615","3.0071518421173096"
"346","30368.571428571428","30357","30378","","","","2.8656943014689853","2.6390929222106934","3.0513358116149902"
"347","30445.5","30436","30456","","","","2.805548003741673","2.726440668106079","2.9703221321105957"
"348","30524.166666666668","30515","30532","","","","2.824453075726827","2.6074488162994385","2.916959047317505"
"349","30602.666666666668","30594","30611","","","","2.8804489175478616","2.7733728885650635","3.0133893489837646"
"350","30679.615384615383","30670","30690","","","","2.8699911557711086","2.724384307861328","3.027179718017578"
"351","30757.41176470588","30746","30768","","","","2.880934238433838","2.7137563228607178","3.0669946670532227"
"352","30835.153846153848","30824","30845","","","","2.824797171812791","2.70609188079834","2.925233840942383"
"353","30913.9","30903","30924","","","","2.86787531375885","2.766735076904297","3.0172529220581055"
"354","30989.5","30980","31002","","","","2.8379445586885725","2.6087355613708496","2.9622740745544434"
"355","31069","31059","31079","","","","2.8008662291935513","2.6348557472229004","2.9852535724639893"
"356","31148.81818181818","31138","31156","","","","2.839506062594327","2.7683184146881104","2.9462203979492188"
"357","31224","31214","31234","","","","2.800415450876409","2.680449962615967","3.0865628719329834"
"358","31301.166666666668","31292","31312","","","","2.8643739819526672","2.698613405227661","2.973682403564453"
"359","31381.18181818182","31370","31390","","","","2.8527379686182197","2.649541139602661","2.9598453044891357"
"360","31458.81818181818","31448","31470","","","","2.8390584642236885","2.676393747329712","2.897711992263794"
"361","31536.41176470588","31526","31548","","","","2.8565385201398064","2.709080219268799","2.989393711090088"
"362","31615.133333333335","31604","31626","","","","2.8672036012013753","2.792316436767578","2.9535715579986572"
"363","31692.384615384617","31682","31703","","","","2.8339148668142466","2.638108015060425","2.9308595657348633"
"364","31771.125","31760","31781","","","","2.839926704764366","2.753680944442749","2.948408842086792"
"365","31848.055555555555","31838","31860","","","","2.8385483026504517","2.6693601608276367","2.990358829498291"
"366","31928.076923076922","31919","31938","","","","2.830821055632371","2.7183542251586914","3.0169012546539307"
"367","32004.23076923077","31996","32016","","","","2.8715738699986386","2.7393884658813477","3.0054128170013428"
"368","32081.923076923078","32072","32094","","","","2.848541021347046","2.7136361598968506","2.9853107929229736"
"369","32160.384615384617","32150","32172","","","","2.8263294880206766","2.649127960205078","2.9326107501983643"
"370","32238.9375","32228","32248","","","","2.8227161318063736","2.7054898738861084","2.945483446121216"
"371","32317.666666666668","32307","32326","","","","2.857807735602061","2.727668523788452","2.9903407096862793"
"372","32394.428571428572","32384","32405","","","","2.823333059038435","2.6816158294677734","2.9271533489227295"
"373","32471.11111111111","32462","32482","","","","2.8525035646226673","2.718236207962036","3.026296854019165"
"374","32551.941176470587","32540","32562","","","","2.825304536258473","2.6514534950256348","3.0005908012390137"
"375","32629.25","32618","32640","","","","2.84421835343043","2.7164134979248047","2.97869873046875"
"376","32707.1875","32698","32717","","","","2.8470733612775803","2.6687912940979004","2.986062526702881"
"377","32784.07692307692","32774","32795","","","","2.8359214709355283","2.7138946056365967","2.9698381423950195"
"378","32865.38461538462","32856","32874","","","","2.887728269283588","2.733344316482544","3.1095855236053467"
"379","32941.86666666667","32931","32952","","","","2.8127769311269124","2.7227089405059814","2.935514450073242"
"380","33019.166666666664","33008","33027","","","","2.895563860734304","2.7654294967651367","3.0477869510650635"
"381","33096.72727272727","33088","33105","","","","2.8639142513275146","2.724004030227661","2.9901223182678223"
"382","33176.75","33170","33183","","","","2.790962666273117","2.7288291454315186","2.8749260902404785"
"383","33254.933333333334","33244","33264","","","","2.8738837083180746","2.77087664604187","2.9792845249176025"
"384","33329.2","33320","33339","","","","2.8075003623962402","2.6953301429748535","2.967557430267334"
"385","33408.416666666664","33398","33417","","","","2.8246828516324363","2.721099615097046","2.9219162464141846"
"386","33487.545454545456","33476","33496","","","","2.83173714984547","2.5755391120910645","3.0080275535583496"
"387","33564.083333333336","33554","33575","","","","2.859387993812561","2.7349672317504883","3.012956142425537"
"388","33646.5","33632","33654","","","","2.8410125494003298","2.627764940261841","3.0199222564697266"
"389","33719.75","33711","33729","","","","2.8077972133954368","2.556852102279663","2.9493398666381836"
"390","33800.9375","33789","33810","","","","2.8240875899791718","2.73779034614563","2.947474479675293"
"391","33876.1875","33867","33888","","","","2.824460953474045","2.6971144676208496","2.927839517593384"
"392","33954.05882352941","33944","33965","","","","2.8624728707706226","2.6953136920928955","3.043551206588745"
"393","34034.4","34022","34043","","","","2.783895174662272","2.621828317642212","2.8880796432495117"
"394","34111.8125","34100","34122","","","","2.848787248134613","2.624238967895508","3.05306077003479"
"395","34189.35294117647","34178","34200","","","","2.8433768188252166","2.665273904800415","2.962404727935791"
"396","34266.27777777778","34256","34277","","","","2.818705783949958","2.690941095352173","2.9580864906311035"
"397","34346.5","34334","34356","","","","2.829975894519261","2.7665932178497314","2.949197292327881"
"398","34423.84210526316","34412","34434","","","","2.8326624694623446","2.689605474472046","2.9446218013763428"
"399","34501.71428571428","34492","34512","","","","2.8577147041048323","2.62776780128479","3.025355577468872"
"400","35052.41930379747","34514","35669","2.7844560146331787","2.7844560146331787","2.7844560146331787","2.767941307152508","1.488484263420105","4.1546502113342285"
"401","35736.53333333333","35726","35748","","","","2.853253634770711","2.7322752475738525","2.9677999019622803"
"402","35815.6","35805","35826","","","","2.8596247990926105","2.741215467453003","2.9750354290008545"
"403","35889.25","35882","35898","","","","2.805494546890259","2.692317247390747","2.8692731857299805"
"404","35970.3125","35960","35981","","","","2.8316884487867355","2.688751697540283","2.951637029647827"
"405","36050.07692307692","36038","36059","","","","2.8382522876446066","2.6891753673553467","2.9840612411499023"
"406","36125.666666666664","36116","36137","","","","2.8717151641845704","2.631162643432617","2.9734854698181152"
"407","36202.692307692305","36194","36213","","","","2.848345536452073","2.7032957077026367","2.984161376953125"
"408","36283.166666666664","36273","36294","","","","2.8614149689674377","2.8011255264282227","2.987276792526245"
"409","36361.9375","36351","36372","","","","2.828266590833664","2.5644493103027344","3.0126075744628906"
"410","36437.42857142857","36428","36450","","","","2.8723460265568326","2.7018909454345703","3.0770676136016846"
"411","36518","36506","36528","","","","2.818343496322632","2.670905590057373","2.9498422145843506"
"412","36594.470588235294","36584","36605","","","","2.8629632416893456","2.7195181846618652","2.9846272468566895"
"413","36672.5","36662","36684","","","","2.8444490167829724","2.6435532569885254","3.0133719444274902"
"414","36750.666666666664","36740","36762","","","","2.8646630605061847","2.7580981254577637","2.906684160232544"
"415","36830.75","36818","36840","","","","2.8042060136795044","2.670961856842041","2.9495317935943604"
"416","36906.0625","36896","36917","","","","2.8097753673791885","2.5992655754089355","2.980027675628662"
"417","36984.769230769234","36974","36996","","","","2.822550993699294","2.6125216484069824","2.950828790664673"
"418","37063.09090909091","37052","37071","","","","2.81876464323564","2.686716318130493","2.966857433319092"
"419","37140.6","37131","37151","","","","2.818515412012736","2.707064151763916","2.95747971534729"
"420","37219.333333333336","37208","37230","","","","2.8630472222963967","2.7439932823181152","2.9937360286712646"
"421","37296.357142857145","37286","37308","","","","2.844450371606009","2.685751438140869","2.9932119846343994"
"422","37373.86666666667","37364","37385","","","","2.84653213818868","2.6466493606567383","2.9574406147003174"
"423","37453.857142857145","37443","37464","","","","2.8442681516919817","2.71972393989563","2.9911139011383057"
"424","37529.07692307692","37520","37542","","","","2.8947910162118764","2.7842159271240234","3.053001642227173"
"425","37608.27272727273","37600","37617","","","","2.8620279052040796","2.7175848484039307","3.0491039752960205"
"426","37684.583333333336","37676","37695","","","","2.851438899834951","2.7658796310424805","2.9528543949127197"
"427","37764.61538461538","37754","37776","","","","2.8255406343019924","2.6709022521972656","2.9636504650115967"
"428","37841.583333333336","37832","37852","","","","2.8343138098716736","2.7252182960510254","2.9829554557800293"
"429","37920.142857142855","37910","37932","","","","2.876717277935573","2.7604029178619385","2.935955762863159"
"430","38000.470588235294","37989","38010","","","","2.8241008590249455","2.6016314029693604","2.925795078277588"
"431","38077.6875","38067","38088","","","","2.838149070739746","2.7083754539489746","2.993955373764038"
"432","38154.92857142857","38144","38166","","","","2.8765994821275984","2.7840962409973145","3.017308235168457"
"433","38233.07142857143","38222","38243","","","","2.853263940129961","2.717040777206421","2.956624984741211"
"434","38310","38300","38322","","","","2.8476646968296597","2.7667016983032227","2.9438157081604004"
"435","38389.07692307692","38378","38400","","","","2.8105996938852162","2.7305877208709717","2.8810055255889893"
"436","38467.42857142857","38456","38478","","","","2.871697187423706","2.7157890796661377","3.0217947959899902"
"437","38544.5625","38534","38554","","","","2.837146505713463","2.7450032234191895","2.9451308250427246"
"438","38620.833333333336","38612","38634","","","","2.8587912917137146","2.7344884872436523","2.9496994018554688"
"439","38700.666666666664","38692","38711","","","","2.836383406321208","2.680262804031372","3.0351476669311523"
"440","38779.083333333336","38768","38790","","","","2.8175957202911377","2.6792008876800537","3.000006675720215"
"441","38857.166666666664","38847","38868","","","","2.830735504627228","2.7470967769622803","2.9495186805725098"
"442","38937.333333333336","38926","38946","","","","2.815886974334717","2.6234636306762695","2.9478471279144287"
"443","39013.07142857143","39002","39024","","","","2.8374263729367937","2.724346876144409","2.9732871055603027"
"444","39092.357142857145","39083","39102","","","","2.8225987127849033","2.6367204189300537","2.9861202239990234"
"445","39165","39158","39176","","","","2.841597015207464","2.7024590969085693","2.973766326904297"
"446","39246.833333333336","39237","39258","","","","2.81706166267395","2.664611577987671","2.9518678188323975"
"447","39324.916666666664","39314","39336","","","","2.8413966298103333","2.7178843021392822","2.9453537464141846"
"448","39401.4","39392","39414","","","","2.8230567455291746","2.6485331058502197","2.9511799812316895"
"449","39479.07142857143","39470","39491","","","","2.846459831510271","2.6063523292541504","2.991938829421997"
"450","39560.769230769234","39550","39570","","","","2.8568672033456655","2.6663804054260254","2.957970142364502"
"451","39638.583333333336","39628","39647","","","","2.8379098375638327","2.7412142753601074","2.9668800830841064"
"452","39716.666666666664","39708","39725","","","","2.845499793688456","2.645589590072632","3.043886184692383"
"453","39793.6","39782","39804","","","","2.8397719860076904","2.7339677810668945","2.990055799484253"
"454","39871.6","39862","39881","","","","2.837304878234863","2.69571590423584","2.9274187088012695"
"455","39947","39938","39958","","","","2.795381632718173","2.532721519470215","2.9491820335388184"
"456","40027.07142857143","40016","40038","","","","2.8096426725387573","2.738088846206665","3.039975881576538"
"457","40103.5","40094","40114","","","","2.8071976237826877","2.6597800254821777","2.9352877140045166"
"458","40185.09090909091","40174","40194","","","","2.8375086134130303","2.694125175476074","2.950037956237793"
"459","40264.333333333336","40256","40272","","","","2.8404668172200522","2.6637542247772217","2.932689666748047"
"460","40340","40328","40350","","","","2.8446930135999406","2.722975730895996","2.9591503143310547"
"461","40416.857142857145","40407","40428","","","","2.808421083859035","2.7087624073028564","2.971264123916626"
"462","40494.7","40485","40503","","","","2.869737982749939","2.7258851528167725","2.9882495403289795"
"463","40574.769230769234","40562","40584","","","","2.848219247964712","2.7926554679870605","2.888686418533325"
"464","40650.71428571428","40640","40662","","","","2.842068382671901","2.6777689456939697","2.982044219970703"
"465","40726.75","40718","40737","","","","2.8383693297704062","2.645834445953369","2.941192626953125"
"466","40806.92307692308","40797","40817","","","","2.849501499762902","2.7075424194335938","3.0251119136810303"
"467","40887.26666666667","40876","40896","","","","2.8578610897064207","2.71481990814209","2.9337475299835205"
"468","40965.57142857143","40953","40974","","","","2.89044828074319","2.6632332801818848","3.018613338470459"
"469","41039.8125","41030","41050","","","","2.8383954018354416","2.6757655143737793","2.969726085662842"
"470","41119.333333333336","41108","41129","","","","2.8350080649058023","2.6655125617980957","2.9383187294006348"
"471","41199.0625","41188","41208","","","","2.848712921142578","2.63126277923584","3.0246641635894775"
"472","41275.230769230766","41267","41284","","","","2.86386462358328","2.7375881671905518","2.9934074878692627"
"473","41354.53846153846","41348","41363","","","","2.8453963169684777","2.7268261909484863","2.946876049041748"
"474","41430.25","41420","41442","","","","2.845291167497635","2.7522501945495605","2.976017951965332"
"475","41510.166666666664","41501","41518","","","","2.8536643385887146","2.6975560188293457","2.9618160724639893"
"476","41583.857142857145","41576","41596","","","","2.8262127297265187","2.7425737380981445","2.9059500694274902"
"477","41665.555555555555","41656","41675","","","","2.882214970058865","2.75054931640625","3.0147359371185303"
"478","41743.8125","41732","41754","","","","2.815793663263321","2.7465386390686035","2.8825793266296387"
"479","41821.357142857145","41811","41832","","","","2.8330369847161427","2.7197458744049072","2.9082834720611572"
"480","41898.71428571428","41888","41909","","","","2.8446081365857805","2.7157037258148193","2.97817325592041"
"481","41975.28571428572","41967","41988","","","","2.825725725718907","2.6944406032562256","2.956321954727173"
"482","42055.333333333336","42044","42066","","","","2.8355576859580145","2.581085205078125","3.003410816192627"
"483","42131.857142857145","42123","42144","","","","2.8232788358415877","2.719278335571289","2.9439992904663086"
"484","42210.625","42200","42222","","","","2.831405445933342","2.7041475772857666","2.9740960597991943"
"485","42288.57142857143","42278","42299","","","","2.8114935159683228","2.7027885913848877","2.981975793838501"
"486","42367.333333333336","42357","42377","","","","2.8359042008717856","2.748889684677124","2.9523396492004395"
"487","42447.4","42437","42456","","","","2.8169788837432863","2.7322309017181396","2.9765889644622803"
"488","42521.0625","42512","42531","","","","2.801436483860016","2.700662136077881","2.903268814086914"
"489","42598.9","42590","42608","","","","2.828395962715149","2.685208559036255","3.001159429550171"
"490","42680.38461538462","42668","42690","","","","2.8435496733738828","2.707404851913452","2.9670956134796143"
"491","42756.125","42747","42768","","","","2.8557755947113037","2.7596161365509033","2.939366102218628"
"492","42835.46153846154","42824","42845","","","","2.844545712837806","2.714127779006958","2.9945249557495117"
"493","42912.23529411765","42903","42924","","","","2.7921818144181194","2.597491502761841","2.9295012950897217"
"494","42993.21428571428","42984","43002","","","","2.830845526286534","2.663784980773926","2.9687082767486572"
"495","43067.75","43059","43080","","","","2.8392772873242698","2.740584373474121","2.9822261333465576"
"496","43149.153846153844","43139","43158","","","","2.842326512703529","2.748966932296753","2.929450511932373"
"497","43226.1","43214","43236","","","","2.8424964904785157","2.6413276195526123","2.9448235034942627"
"498","43301.11111111111","43292","43311","","","","2.848659038543701","2.7141027450561523","2.938420057296753"
"499","43381.17647058824","43370","43392","","","","2.833913003697115","2.6962714195251465","2.9404191970825195"
"500","43932.40986132512","43395","44473","2.778935670852661","2.778935670852661","2.778935670852661","2.7870903211979217","1.4793941974639893","4.1516523361206055"